MCM4,MALAT1,CCDC86,CENPF
RMI2,ABI2,EIF2AK4,KIF14
HIST1H2AG,Blank-0240,CAMK2N1,TPX2
MCM6,Blank-2230,RRP9,TOP2A
KLHL29,PVRL4,TGM2,SGOL2
ANKRD1,SERPINB7,CDC20,KIF2C
GPD2,EPHX1,TOMM34,DLGAP5
GREB1L,MAP1A,PAK1IP1,GTSE1
FAM111B,ZNF114,EFHD2,TTK
PCNAP3,KBTBD2,TOP1,CKAP2
TP73,CSMD3,ABCE1,CKAP2L
E2F1,CBX7,ALDH1B1,CKAP5
AMOTL1,MYO18B,PNPT1,GAS2L3
RNF144A,TM7SF3,THBS1,NEURL1B
DSCC1,MMP14,SLC39A14,KIF18A
H1F0,TNFRSF13C,CCND2,KIF11
HEG1,MAP2,SLC5A6,DCAF7
LBH,PCDH17,SAPCD2,CCNF
SSH1,NBEAP1,DDX21,ASPM
EMP2,SLC17A5,SLC35F2,TNFAIP8L1
CDC6,ZBTB10,SRPRB,KIFC1
BRIP1,ITGAV,FLRT3,BORA
CHAF1A,PROS1,EPB41L4B,KIF5B
DTX3L,SPRY2,EIF4A3,BUB1B
ARL6IP6,CSDC2,HOMER1,SHCBP1
DTNA,ZNF763,ETF1,CDC27
CYP26B1,NXN,SSR3,KIF20B
MBOAT1,MIAT,SNX30,MALAT1
RGS7,RUSC2,SH2D5,CCSAP
KLF13,NDFIP2,COA7,GPSM2
DBNDD1,DDX17,POLR3G,CIT
C1QTNF2,CCNG2,C11orf24,NDE1
DDX39B,GREB1,CD3EAP,CDC20
CRMP1,ZMAT3,IVD,KDM4A
TUFMP1,NFKB2,AFAP1L1,KCTD9
SYNE2,GRID2,UFM1,ANP32E
KIAA0040,TAP1,DUSP7,STK17B
LPP,AFF1,SLC16A1,C2orf69
TBC1D8,POTEC,ACSL1,SOGA1
MCM3,SQSTM1,ZNF703,FZD2
GABARAPL1,UFD1L,ATMIN,PIF1
RASEF,CREBRF,CD44,DCP2
WDR76,RPLP0P2,FARSB,RNF26
NCAM1,NUP210,NOL6,NCAPG
RUSC2,MAP4,UBE2G1,LBR
IGSF8,GXYLT2,RPF2,RSBN1
PABPC1L,MDM2,TMEM248,SLC45A3
DHFR,NPC1,PITPNA,HP1BP3
CCNE2,GPC1,DLGAP5,QRICH2
P3H2,KLHL5,SLC7A2,MKI67P1
MYO18B,ITGB1,TOMM20,HMGB3
PNPLA8,XIRP1,CCND1,SCLT1
POLD3,PRKG1,PITRM1,PNRC2
CCT7P1,NID1,FAM46B,ARL4A
FAM105A,DDX39B,SH3RF3,KBTBD2
SVIP,HDAC5,MARS2,MTHFD1L
PCOLCE,PPP1R15A,KLHL18,STARD8
REEP1,ANKRD1,AMD1,CENPI
SCARA3,POLH,PKP3,KIF4B
FGFRL1,OTUD1,GFOD2,HOXB13
TCF19,N4BP2,ZMPSTE24,VANGL1
BLM,NATD1,ORC5,CDKN2C
LENG8,ZNF333,EHD1,NCAPD2P1
SERPINE1,GRHL3,DAP,NRAV
KIFC2,CSGALNACT1,HOXB9,MGAT2
GLRB,MXD4,LTV1,KIF21B
NOTCH3,ANKRD20A3,SLC27A4,BMI1
MFGE8,FBXL3,EFR3B,NR1D2
ACTG1P15,INSIG1,PUS7,SPC25
C14orf132,ELF1,FBLIM1,PANK3
ZNRF2,PRKAB2,PAICS,MLLT10
TONSL,HNRNPL,TTLL12,SFPQ
ZNF672,C3orf52,TACC1,EXPH5
C1orf226,YOD1,TNPO1,SAPCD2
ZNF395,UBE2QL1,RFTN1,JADE2
DCHS2,DHRS3,TMEM43,FZR1
SMAD9,CSF1,FOXF2,SLC7A11
TMPRSS3,PPP1R13L,GTF2F2,FGF18
GJC2,DYNC1LI2,CSNK2A1,CSMD1
MROH1,LAMP2,PALD1,TMEM19
AQP1,SYTL2,AKAP2,SLCO1B1
SERTAD4,LUCAT1,PPRC1,CLDN12
FAM212B,CLIP3,EXTL3,SAMD12
OGT,FOXO1,ERI1,RNMT
ARHGAP42,KLHL24,NAV1,CDR2
CFAP54,RPS27L,ABHD2,PIK3CG
KNTC1,ABLIM1,PPME1,ARHGAP21
OAS3,LENG8,SNN,SMTN
EXT1,HECA,EIF5A2,PSAT1P1
SAMD9,ABCC3,PIF1,NEIL3
PRR36,MYLIP,PLIN2,FNIP1
PARP14,F2R,ADM5,UBE2G1
GINS2,SESN3,SFXN3,PCF11
GNAZ,OTUD3,ITGA5,SLC6A9
FAM20C,SDC3,TRIM14,RANGAP1
FOXN3,MMP2,TBX3,HOXB5
MYO3A,BTG1,SH2B2,SPSB1
KATNAL1,MFGE8,CX3CL1,FBXO48
RORA,FUCA1,OTUB2,NDUFB5
CCDC15,TUFMP1,RIMBP2,RASSF1
ZNF704,DUSP1,CYB5D1,ZNF276
PPP1R14C,ANKRD20A9P,AK4,CCDC18
C1orf233,OSGIN1,CADM4,RAB31
PODXL,INSL4,KIAA1462,DZIP3
ELOVL7,EGR1,GNB1,KLF7
SH3GL2,CARS2,DVL1,SH3RF2
NSUN5P1,MYOZ2,CDC25A,ARL4D
SYTL5,SP110,ZNFX1,ANKRD28
ANKRD20A3,LOXL4,MLEC,TBX18
NANOS1,FXYD6,MSX1,IVD
CTGF,ITGB2,IFFO2,ZNF850
PARD6G,TNS3,GALNT18,CBX7
RANBP17,PARD6G,SLC7A5,Blank-0623
MCC,KITLG,C10orf2,ZEB1
PALM2,IKBIP,RPL37,HOXC13
AKAP9,CENPCP1,PIK3R1,WEE1
E2F7,SLC2A12,STEAP3,GCLM
VDR,RELB,MPZL1,ARHGAP11B
MAN2A1,OLFML3,NBPF1,NRP1
PHLPP1,ASTN2,HK2,LNP1
BCL2L1,GAB2,HOXC8,MPP7
PAQR4,KNTC1,FAM129B,OR4F13P
BICC1,SUCLG2P4,Blank-0758,ATL3
KAT2B,SULF2,CENPB,MKX
HERC3,HIC2,WDR3,SEMA3C
TNNT2,CFAP54,RIOK2,SRSF6
ARAP2,CHST3,REEP5,CORO1C
BMPR1B,LCP1,SNAI2,ISL2
C3orf70,NEMP2,ST3GAL1,ZADH2
PHF2P2,AQP1,NRIP3,SLX4IP
LPL,NHSL2,DESI1,CTNND2
MARK1,LMCD1,EPT1,UNKL
SLC20A1,ITGB5,CDH4,AKAP6
CCDC144NL,RND3,KCTD15,PPP1R10
MAN1A1,SLFN5,MFAP5,SCG2
GLCCI1,IKZF2,EFNA3,Blank-1152
CADPS2,YPEL2,ZNF121,GRAMD1B
EIF4BP4,RNF219,UBA52,FOXA2
JUN,MLLT11,MET,PP2D1
CSPG5,TBC1D8,PLA2G7,ESPL1
CREB5,SRGAP2,PRKCE,DIDO1
QRFPR,HIF3A,FMNL2,TNRC6B
GSG1,KLF5,ADRA2C,ACSL3
CCDC69,SNX19P2,TNFRSF21,ALPK1
C1orf198,F2RL1,SMOC1,TSPAN17
BEX4,MACF1,ANOS1,UBASH3B
KLF5,TM4SF1,EHD3,CALM2
FZD1,RBM26,GPR65,ZNF404
CDT1,MGEA5,FAM222A,TNFRSF25
USP37,SLC22A15,TRAM2,CHMP1B
LIMK2,PCDHA2,SDC4,FGF5
ALPK2,SLC26A2,FAM117B,GULP1
TLR4,TRIM29,TMEM184A,NSUN7
VMP1,EPHA2,TPX2,CNTN1
SUCLG2P4,PARP14,TNFAIP8L1,G3BP1
ANKRD36,ZADH2,LNP1,PRCAT47
PHLDB2,LIPH,ZFP36L2,GLS
CDK14,H2AFV,WDFY1,RNF213
GHR,STAMBPL1,ENDOD1,TEF
ITGB5,YBX3,TPM4,ANKRD50
HDAC5,GRAMD1C,ENTPD7,MSH5
RAB27A,TBC1D31,SPIN2A,GARS
SKP2,TOB2,DSG2,GPR3
EFNA5,TLR6,KRT75,TICRR
CA11,PGPEP1,FKBP4,ETNK1
TBC1D9,ARHGAP11B,MYCL,CLMP
KCTD8,SYT14P1,SAP18,SRGAP2
STMN3,FNBP4,SAMD5,BEND7
LOXL4,ZNF283,PPARGC1B,ANKRD31
ADGRV1,PRLHR,CTNND2,RPL6P8
AIF1L,SLC44A5,HSPA4,ICK
ANKRD20A9P,ZNRF2,SOX17,HMBOX1
PLEKHA6,TFPI,SCLT1,PHGDH
SLC35E2B,DGKI,NAMPT,CBX5
CCT6P2,DCK,IDH3A,NAPG
PABPC1P2,DDX26B,BCL11A,FUT8
GNAL,LIMK2,IL7R,RHOBTB3
STOX2,MAFK,HEATR1,CBX4
AFF3,EREG,FAM131A,TLE1
SIRPA,PHACTR4,TWISTNB,DDX10P2
HUNK,TCAF2,C6orf120,TOMM34
DIXDC1,PNPLA8,MOB3B,RUNX1
MMP24,ZNF583,HSD11B2,FIGN
SRSF10,KDELR3,TIGD5,LTV1
GPC4,IDI1,MGAT2,DAB2
EFEMP1,SAV1,NADK,NIPAL3
WWTR1,BMS1P1,SDK1,QKI
SGMS2,CEP295,MEX3A,CDKN3
HNRNPKP3,PNRC2,KIF2C,UBE2K
GRID2,ZNF251,BICD2,PTBP3
ADRA1B,ISPD,RNF26,BCRP2
PRKCA,ERAP2,PSD4,FILIP1L
RASAL2,EDA2R,KIAA1143,MESDC1
HS6ST1,EBF1,RAB42,TOP1
PAPPA,CEP85L,RGMB,MFAP2
MARCO,DLEU7,DCUN1D4,STMN1
SGK223,PRCAT47,FRMD5,ABCC2
VGLL3,CLGN,SDC1,ZNF281
SEMA3F,POLQ,PLEKHG3,TF
SCN5A,HBEGF,SLC45A3,TRAF3IP2
DENND1B,STON1,GALNT6,ZNF217
NPM1P13,RUFY3,CALM1,PHACTR4
UNG,FNIP1,NCF2,KRT34
TRANK1,CALM2,S1PR1,SPOCD1
TUFT1,PLXNA2,WNT5A,ARHGAP12
NEDD9,C14orf1,SLC39A10,SLC27A1
NFIB,OGT,CTSC,FNBP4
POLR2J3,FLRT1,SNX19,ZNFX1
RPL4P6,APOBEC3C,ZXDB,SESN3
FARP1,ZNF780B,IPO5,EPRS
TNS1,ADAMTS17,MARCH4,MEX3A
MNS1,ZNF717,RASSF3,KLHDC4
IL2RB,GPD2,PIK3C2B,TM4SF1
DPYSL4,FAM171B,USP14,SLFN5
MOCOS,SRSF10,ABCB9,ITPR2
TIAM1,MGLL,OGFRL1,PIM1
KCND3,IP6K3,CRY1,C1orf204
DPY19L2P1,ARL5B,TRIP12,GYS2
MB21D2,PPP1R3C,TFEB,SPSB2
NAIP,BTG2,INHBA,FAM208A
MAP3K5,DLGAP1,PER2,RPF2
INSIG2,FILIP1L,ERCC2,PPIP5K2
EPB41L4A,WEE1,SLC35E4,CSTF3
GPR27,STK17B,MAP6D1,DGKI
ZC3HAV1,ARHGAP30,IQSEC2,PRKG1
CA13,LRP11,BUB1B,TMEM255B
PRKAR2B,DST,LEPROTL1,HSPA1L
ATAD5,KLF9,METTL21B,DYRK3
KLHL23,AGRN,NIPAL1,ETV5
SEPT3,DUSP16,ACTR1B,GTF2F2
ARID5B,MOXD1,DSE,TNPO1
LRBA,NBPF9,LTBP2,LARP4
ERAP1,FAM60A,ADARB1,MAPK6
MMP15,ZNF718,ZNF365,FZD7
DPYSL2,TSPYL2,STEAP2,Blank-0240
AMPH,IER5,MRPS23,COX4I1
KIAA1161,NIPAL3,DOLK,SLC2A12
PELI2,TNFAIP3,CDK6,NCF2
NR2F2,ESPL1,Blank-9253,Blank-0842
CCND3,JAK3,LRRC15,APBB2
RAPGEF5,ZSWIM4,PDE10A,FADS2
ABI2,PDZRN3,CALCOCO1,CCNG2
PWAR5,FAM214A,NABP1,DCST2
SH3RF1,RPL4P6,C3,DCAF4L1
OAF,DFNA5,PAX9,ZSCAN12P1
HSP90AB6P,ARC,SSU72,PLA2G4A
PDGFRB,FAM198B,TBC1D4,GRM2
TGFB2,SUSD6,PMEPA1,ACSL4
NCOA7,CA11,CFAP97,PILRB
FOXO1,SPSB2,KIF4B,NOS1
DOCK5,NAIP,PLEKHA2,A4GALT
EPHA2,NFYA,KCTD14,MGEA5
CCDC14,TRIM54,QRFPR,CENPCP1
EPDR1,PCNAP3,RPL14,TMCC2
UNK,SMAD6,CTNNAL1,WDR55
RASSF2,BSDC1,EPAS1,RTKN2
GNG11,DNAJB9,GALC,JADE1
CD1D,CCND3,CBX2,Blank-0182
KRT18P41,PAG1,SEMA7A,MYLIP
NUAK1,CAMTA1,HSPA8P9,ISG20
ZNF300,SPRED3,UNG,PPP2CB
JPH1,NSUN5P1,SFRP1,PTP4A1
CDK6,ZNF281,CORO1C,TLDC1
SAV1,CD109,PHLDA1,DDX21
BNIP3L,C3orf67,CCRN4L,TRHDE
SLC16A7,SMTN,SLA,FDXACB1
JAM3,TCHH,C12orf49,Blank-2230
INSR,SESN2,HTR7P1,DPYD
FAM210B,RORA,TYW3,FAM118A
TOR3A,HRK,SPSB1,LIFR
FAM81A,PLD1,MSI1,GEM
NFIX,ZNF300,IRS1,B3GNTL1
CTSB,TPP1,FAM195A,FAM167A
ZNF483,FBXW7,ZNF385B,HMGA2
ZFP14,GAPDHP47,RNF144B,FAM46B
PASK,RAP2B,RBM45,WDFY1
ILDR2,PAXBP1,TRIB3,ANKRD11
COL11A1,PTPRH,PDLIM2,PTPRM
AK3,MXD1,SALL4,UACA
ERRFI1,ADAM32,DMKN,GNB1L
MCM10,NAALAD2,LYPD3,UHRF1BP1
PDGFB,MROH1,HAPLN1,ZNF519
GAREML,TLR1,DBP,NET1
HELLS,PABPC1L,COL12A1,NR1D1
TNIK,CCDC169,PGF,TSPAN14
GABRB2,MLLT10,CYP4F22,MGLL
HECA,MTURN,AFAP1,FAM196B
NES,CTIF,ORC1,RSF1
RTN4R,CDKN3,BARX2,Blank-0749
CARD11,IRF2BPL,STARD5,SPIRE1
IKZF2,LAMP3,NEU1,BMPER
FAM65B,SYNE1,FAM84B,C12orf49
COL13A1,SCEL,CRTAP,NSDHL
SIX2,BEX4,COLGALT1,THOC5
CSDC2,SPC25,CHST14,LRRN1
GLI2,MYEF2,DCLK1,NBPF9
AFF1,ARHGAP42,PFKFB3,VAT1L
SALL1P1,C1QTNF6,CKAP5,XYLT1
PPP1R16B,KLHL30,UNC119,VAPA
TCP11L1,GYPE,FAM102B,C6orf120
RAB3B,FAM46A,MN1,PIP4K2A
ZMIZ1,OXGR1,RHOV,RYR1
SDC2,ARHGAP21,FBXW10,PPHLN1
TRIM58,TCP11L1,CAV1,MAP1B
BBX,VGF,TAP2,AFAP1
THBS4,POTEI,PPAP2B,FAM210A
LNPEP,NSUN6,OASL,TRIP12
ADGRB1,STXBP1,SLC12A2,ZNF280A
LUCAT1,HOXA3,LOXL2,PDK4
ANO5,C10orf10,NGFR,FAM43A
SLC25A3P2,CDKN2C,AGPAT9,PRELP
ADAMTS16,IGSF10,USP3,EPHA8
FGD4,ASS1P12,DCAF12L1,POM121C
TRIM2,CHMP1B,SGTB,LEPROTL1
EFNB3,RPRD1A,CENPF,RIN3
CCDC85A,MEX3B,Blank-2373,CSGALNACT1
TUBB4A,PLTP,UHRF1,SMIM8
ADGRG2,NFKBIE,BRINP1,ZNF792
PPP1R9A,AKT1S1,CCT5,SP6
HRH4,HERC3,LRRC8D,ZNF697
VASH1,EPG5,TAS2R4,PRICKLE2
ESCO2,HEPHL1,MLKL,CHAC1
COL4A2,OAF,NARF,ETS2
EIF4A2P3,E2F2,GUSBP5,SLAMF9
DGKK,ALDH3B1,KLHL21,TYW3
TMEM56,ABCB4,HSPA5,KNDC1
TTYH2,PHLDA3,MCM10,Blank-2428
AKAP5,IL2RB,PKI55,ZNF225
TMTC2,C11orf71,SLC9A7,CPED1
USP53,BAZ2B,RANBP6,RAPGEFL1
ZNF662,FGFR1OP,DSEL,ZNF165
SFRP1,IKBKE,CASP3,PNPT1
C8orf4,ANXA3,Blank-1329,ZKSCAN3
TMEM47,DCP1B,ATP5G1,H2AFV
PTGFRN,PER1,SIX1,DDR2
YPEL2,PCID2,SNRPD1,ZBTB10
OSBPL10,PSMA2P2,BAZ1A,KLHL24
KIAA1841,EMP2,BEND7,MYL6
DPY19L2P2,Blank-1805,SPARC,UBXN6
PDP1,SYNE2,ITGA6,ZNF608
FBN1,DRAM1,DAAM2,ALOXE3
SSH2,CD47,ESYT2,PTPRJ
ZDHHC23,TSC22D1,HMGB3,AGO1
TP53INP2,CCDC121,FAM117A,ZFAND5
NR3C2,PANX2,MEGF10,CEP128
C8orf48,CORIN,SLC1A3,KIAA1462
CD47,CPEB4,FAM218A,CA7
GLI3,LRP5,SH2D3A,GYPE
MAP1A,CCDC88A,OLIG1,ERO1L
SLC25A23,ZBTB38,FAM196A,FBXO5
EIF4EBP2,CYLD,SURF4,ABHD2
TGFA,FBRS,GFOD1,TMEM42
ANKRD36B,ESCO2,RIPK2,SLC35F3
CCDC71L,DPY19L1,OLIG2,NEU3
PDLIM3,Blank-1922,F13A1,KDSR
POTEI,PHTF1,XRCC3,KIRREL3
CASD1,KLF3,TAL1,RPS29
CACNA2D1,MAF,HOXB13,Blank-9109
STRA6,THAP9,TOR2A,TAF5
E2F8,LMBRD2,DDX10P2,FAM78B
PDE5A,E2F1,Blank-1762,TBKBP1
NUP210,COA1,RANGAP1,SLC10A5
XRCC3,ERAP1,CXorf67,MICALCL
XK,BCRP2,RPL27A,INTS3
ABCC3,YPEL1,SOWAHC,HOXC8
SCD5,PPIP5K2,SGK494,SLCO1B7
YJEFN3,GMEB1,LIFR,DLEU2L
LOXL2,SERTAD1,Blank-1926,ARID1B
CRIM1,DIRC2,SYPL1,CACNB3
CHSY3,C1QTNF2,Blank-2044,GLIS2
SHROOM3,NUDT4,GPRC5A,STK31
SLC5A3,PCDH7,CDH11,DDO
STK32A,TMEM40,EDN1,ADAM32
DPYSL3,TRANK1,CEACAM19,AFF2
APOL6,B3GNTL1,SIPA1L1,PSTPIP2
NAP1L5,RHBDL3,DNM1P41,ZFRP1
POLI,CTHRC1,DYSF,NEDD4L
MMD,SH2D2A,FRAT2,AIG1
ARHGAP29,FER1L6,SLCO2A1,MVK
ALOX5,DNAJA4,TOR1B,SCARF1
FGF2,SHISA2,EHD2,ARL5B
FXYD6,VASN,PGM5,GATA3
GALNT16,ZNF80,TSPYL4,EPHB3
TSPAN5,LTB4R,LRRC75B,ERCC2
SLCO2A1,PAPL,ROR1,SYNE1
RIMKLBP1,ADAMTS15,PDP2,HAUS6P2
ACTG1P9,BLM,ZNF773,ACER2
LRRC4B,GOLIM4,TIMP3,Blank-1331
GNAQ,MVK,BDNF,TMED10
DLC1,FAM212B,MYCN,TMEM154
SNTB1,OR4F13P,GPRIN1,TSC22D3
Blank-0464,SFPQ,GEM,CD44
GALNT10,GLRB,ADAP2,GNAS
ORAI2,HIST1H2AG,TMEM74,PTER
LZTS1,PGM2,NR1D1,NUAK2
ITGB8,GABARAPL1,GREM2,PAFAH1B1
ETV1,TOX3,PROCR,ELP2
THEM6,VWA5A,NLK,ZG16
COL6A3,GNAS,MYLK2,PLCB1
TPM1,PHF2P2,MCOLN2,KCNB1
LOXL1,HADH,DAW1,RBM26
DGKH,C1orf204,MAOA,TXNIP
UHRF1,EPB41L4A,SCLY,ZNF480
TANC2,GLP2R,JPH1,LDLR
PLXNA2,UNK,C6orf132,DDIT4
TPPP,SSH1,SOX9,HNRNPC
CDC14A,ADCY10P1,MRPS25,NEK7
RPL6P29,TINAGL1,C1orf116,TRDMT1
ZHX2,GLI3,GDF11,Blank-0722
RIN2,SLC2A13,Blank-9069,ST6GALNAC3
DTL,FRK,MPP5,Blank-0165
CASP8AP2,SYCP2,NCS1,PIK3AP1
ARSI,ARID1B,TBC1D30,AIFM3
GAPDHP47,B2M,COL27A1,CAMK1G
VGLL4,MYO3A,Blank-2382,WFIKKN1
HAPLN3,ADGRG4,SIX4,PLEKHO1
HMSD,HEG1,IGIP,ESM1
POLQ,NR2C2,SKI,FAM102B
HERC2P3,DMRTA1,PDGFRL,WNK4
PGPEP1,EPDR1,KCNG1,PTPN2
WSCD2,RANBP17,CREB3L1,EEA1
CITED2,RER1,ZBTB2,TMEM248
CTIF,MSNP1,ZNF788,ARHGAP18
TMEM37,MAN1A1,ATP6V1C2,C11orf95
ROR2,FAM65C,HDLBP,CASS4
EBF3,CD177,PAFAH1B1,RABGGTB
GOLGA2P5,KRT18P59,NR1D2,MYHAS
CGN,BRIP1,Blank-1886,VAMP4
FAR2P2,TIGAR,CDC42EP1,FBXL3
DCLK3,SCARF1,ARHGAP29,CCDC169
HPS4,PTGS2,ZNF10,LAMB3
LONRF1,NOTUM,CD180,NEGR1
SYT7,NEBL,DZIP3,IL22RA1
DUSP1,OLFML2A,LARP4,PPAP2C
LIMCH1,FAM84A,SNAI1,ZNF736
MC1R,EEA1,WWC1,IFI16
KITLG,FAM105A,FKBP14,MET
PHACTR3,ANKRD31,CCNJP1,AR
COL4A1,KBTBD8,PLXNA3,KCNIP1
NXN,E2F8,ANKEF1,FLVCR1
CECR2,HSD17B12,HK2P1,GJC1
NR2C2,LAMA1,LAMB1,FASN
GPRC5B,AHRR,WNT10A,RSAD1
CYP51A1P1,TEK,NRP1,SPPL2A
PSMA2P2,CITED2,TM6SF1,FUT1
ABCB4,PTK2,CCDC80,CFAP58
ZNF827,RNF19B,KLC3,FAM117A
PABPN1,CASP4,FBXW2,TRIM29
STON1,SEPT14,ADAT2,PTGER2
KLHL5,C2CD3,YES1,ZNF670
SETBP1,Blank-0698,GATA3,SYT16
ARHGAP28,CYP4F35P,LHFPL2,PTCHD4
PCYOX1,HERC2P3,TRIM3,HES1
Blank-1228,BMI1,NEDD4L,NARF
EEF1B2P8,RNASEL,KRT18P28,LCA5
OLFML2A,RBPMS2,FIRRE,PLIN2
TNS3,ZNF608,TXNL1,TBC1D30
KLF7,FEM1C,DDX31,CORO2B
CDC25A,TMCC2,SPTLC2,HOXA3
PVRL1,FAM151B,ST6GALNAC5,SLC2A13
SLC44A5,ACER2,NOMO3,TLR7
FRAS1,PLAC8,PAQR7,TMX4
TNFAIP1,FAM214B,SRXN1,F2RL1
TMEM30A,HNRNPR,DHRS11,PTK2
C1RL,NR6A1,CABP7,PLAU
CMSS1,B4GALT6,FRMD4A,Blank-0801
C4orf19,TBC1D12,KCTD12,APOLD1
TIGD6,FAM65B,TOR3A,ITPKB
MARCH9,DAZAP1,FZD3,ME1
FSTL1,ERRFI1,SEMA3E,PTPRG
NAGK,FADS2,TGIF2,FMN1
BNC2,ZNF682,EXPH5,TOB2
TIFA,EIF4BP4,OSMR,FLYWCH1
CSF1,RNF103,MFNG,TRIM58
RAB39B,PAXIP1,STX11,MPEG1
B4GALNT1,ARL17A,ZCCHC24,INADL
PPA1,HPS4,ADGRB1,CAV1
DMRTA1,MMP19,Blank-0239,GSDMB
MNT,CCDC154,PCDHGB5,ZNF354A
DUSP16,NAGK,FZD8,RPL14
Blank-2348,Blank-1210,LINS,KLF9
NAALAD2,ZFRP1,SPTLC3,AFG3L2
GPR37,CFAP58,DNAJC25,B3GNT3
TM6SF1,ADAMTS9,VAV1,FAM49A
CPLX1,CNGB1,ZNF91,MTHFD2
CEP152,ZNF547,TBKBP1,CCDC154
IGIP,SLC35E2B,HOXA13,PNLDC1
CDS1,TNFRSF1B,GAS1,WRN
PTGIS,F2RL2,LEPR,MYH15
ATP2B4,TBC1D9,TMEM167A,FAM175A
Blank-1708,ETV1,SCAF4,SEMA3A
PTPRH,GPCPD1,ELK3,CCDC80
Blank-0554,AMOTL1,PTPRJ,SGTB
BTG2,MCM5,ZNF100,PCDH18
DDX26B,RASEF,ARPP19,RPL6
SERINC5,C14orf28,ARHGAP6,CPNE4
TGFBR3,RBM25,ARHGAP26,SIX4
BRI3BP,MUC19,EGFR,ZNF763
RAB33B,CCDC18,CBX4,GMEB1
COL6A2,FAM76B,SGOL2,SLC6A6
KCNQ3,RIMKLBP1,ZNF480,KCTD10
HNRNPR,ZNF280A,VEGFC,TXNL1
ZNF780B,BCL2L1,FAM83E,KLHL4
CUEDC1,HMGA2,CNTN3,ZFP30
ZNF853,MDGA1,NR2F2,RBM5
GAB2,NDRG1,Blank-1140,GPC6
CYP4V2,OTOGL,Blank-2614,CEBPG
SLC16A12,HM13,TTYH1,FAM107B
ATXN7L1,STK32A,GLG1,ZNF365
C4BPB,TEAD1,KCTD5,PPM1E
ADGRL2,JMY,PANX1,TGIF1
PHLDA3,MYHAS,NR0B1,ABLIM3
RAB15,Blank-0885,TNIK,ADGRG4
PPP1R13L,SLC1A4,DYRK3,NUFIP2
GRB7,CCDC144NL,Blank-0685,SNN
GRTP1,COL6A2,GTPBP10,CD96
DCBLD1,DBNL,SNX8,DOCK10
SLIT2,TMEM42,AATK,MZF1
ATP1A3,H2AFY,MYOM3,PER1
PODXL2,SYT12,ACSL4,Blank-1384
ORC1,SOAT1,FAAH2,MIB1
Blank-0226,SHROOM3,MAMLD1,Blank-0685
TMCC1,SCAF4,Blank-2348,DIAPH2
TBC1D19,ANXA4,WDR5,EFNA3
RPS27L,FAM126A,SLC23A2,RNF103
MEGF9,SOCS4,RPL12,ANKRD62
FAM196A,MGAT3,GAREML,PDCD1LG2
MEX3B,PDE5A,CAPN5,EIF4A3
ANO2,UGP2,LYPD1,JAG1
MBLAC2,NCAM2,ANTXR1,THAP9
BTN3A1,CD22,CKAP4,IL18R1
RNF165,REL,MRPL32,PEPD
PDGFRA,TP73,SLC6A15,Blank-1922
GPC3,ADAM23,KDM7A,APOBEC3C
KIAA1324,GABPB2,RASSF5,SLC38A1
PTPRB,RMI2,Blank-1571,ATP6V1E2
CAMK2D,OSBPL3,SYNPO,UBTF
FSCN1,LCA5,PRTG,KMT2A
TCF4,SLC30A1,Blank-1961,TMEM43
GABRA2,H1F0,MMS22L,MEF2C
ENG,GULP1,NKILA,C8orf4
CAPS2,MATR3,PPP1R16B,Blank-2314
NOTUM,PCDHGB2,C11orf95,SORBS2
PAXIP1,GLRX,NSDHL,SDPR
ZHX3,GNG11,ST6GALNAC2,HHIP
COL5A1,SETDB2,HNRNPDL,RGS3
KIAA0226L,SLC4A4,RASSF9,Blank-1961
TJP3,TCF19,BDH1,SETBP1
TEAD1,TNNI1,ZNF341,COA1
C16orf52,PAX7,SNHG17,CMYA5
SMURF2,TCTE3,CXCL14,TARBP1
SLCO4C1,ZCCHC2,PLOD1,CLDN15
GAPDHP14,C8orf48,SPCS3,Blank-0740
PHGDH,PNKD,SEMA3C,CYYR1
CCDC64,LIMCH1,CORO2A,UBE2QL1
PRTG,CHRNA9,GALNT7,CCR10
SLC1A4,BATF3,OSBPL6,MYBL1
SDC3,CPEB2,Blank-1909,PLD5
P2RY1,Blank-0554,CGN,EPHA3
MDM2,SDF4,GRM2,SOX9
SHANK2,HS6ST2,CDS1,Blank-0028
THY1,PLAU,GPR157,TOMM20
NEK10,SORT1,TSPAN17,ITGA5
SESTD1,C18orf32,UCK2,SNAI1
TRIL,RDH10,HMGB1,PRLHR
SPRED3,KDELC2,RPL39,Blank-2096
UGT1A7,MTBP,FZD4,H2AFJ
C5AR1,C5orf56,S100A1,ALCAM
CLIP3,GAP43,Blank-1470,SOX7
APBB2,GRAMD1B,Blank-0509,SEL1L
GPRASP2,PKM,HOXB5,DLGAP1
TRPS1,MESDC1,ARID3B,HIVEP1
ABHD15,NES,ZNF778,RBP1
GFOD1,TRPC3,KRT18P41,TBC1D31
PCDHB5,FBXO5,SLC7A1,DNAJB11
SLC22A15,GSTM3,SSTR2,COA7
NSUN6,NANOS1,ASPM,APH1B
MANBA,KCNIP1,ALOXE3,SKIL
PIEZO2,SLC7A6,ANKRD30A,FAM151B
SLC19A2,CASP10,SERPINE2,KAZN
BSDC1,DGKH,OTUD7A,IL15
ZNF655,TNRC6B,FAM107B,HOXB3
ATP6V0A4,TMEM30A,TMEM120B,BHLHE40
ITGA3,SIRPA,RPS29,NBPF1
MIB1,DNAJC3,DDIT4,PDP2
HPGDS,PLEKHH1,JAG1,TET1
OLR1,RIT1,CARD11,TUBE1
NTNG1,CCNL2,CDC27,BBX
ZFHX4,MYH15,CMTM6,NDRG1
RHBDL3,KNDC1,ADGRE4P,ZBTB38
ZNF789,CASP8AP2,Blank-1878,SEPT14
SH3PXD2B,TIPARP,PPM1L,PLEKHH1
RAB11FIP1,SOX13,NOS1,ANO4
ANXA8L1,ZNF83,ICK,N4BP2
C7orf50,STMN1,PTDSS1,DISP2
ATP10D,KCTD11,SLC12A7,DNAJC25
GAS6,SORBS1,TIFA,MTHFD2P1
PWAR6,ZNF217,Blank-2425,ATMIN
YWHAEP7,DPY19L2P1,NLRP3,ADGRL4
KRT18P28,ZNF367,KCNIP3,CEP85L
FAM174B,VPS8,ARRDC4,Blank-1259
SLITRK4,ITGA3,PNLIPRP2,MAB21L3
OGFRL1,TXNIP,DDX20,UNK
C4orf32,FDXACB1,PPM1F,BTG1
HPSE,CSRNP1,SEC24D,RHBDF2
MTSS1,EMB,DNMBP,FOXA3
Blank-0557,C1orf198,DCAF4L1,SLC7A6
SMAD6,A2M,SOCS4,SSR4P1
PLA2G4E,UPP1,SERBP1,PCDH17
SUSD6,MSH5,KLB,RGMB
MRGPRX3,ZC3H12A,GPR4,WNT5B
SPTLC2,ABCG1,KDM5B,FER1L6
MTHFD2P1,CHKA,OLR1,EPG5
CSRNP1,ENG,Blank-1630,FUT9
PHC2,ANKRD62,SIX2,CHORDC1
ARID5A,MUC15,MOK,RWDD1
Blank-0832,NOTCH1,RBM14,SYNC
SLC43A3,UHRF1BP1,Blank-1737,SLC40A1
CNTN3,DPYSL4,TAF1D,POLH
Blank-1951,HIST1H2BN,NTRK1,ANTXR2
ANO4,VSIG1,KLF15,PPP1R3C
MAPRE2,HDAC2,MYH3,HAS2
RPL10,KAT2B,MAN2B2,AKAP2
KCNC1,NRAV,MTHFD1L,Blank-2598
WSCD1,ATL3,CBX8,ARSJ
MAGEL2,C6orf118,GPSM2,RPL13
HBEGF,PAQR4,PPP1R10,SETDB2
PCDHB18P,HOXB2,C2orf69,MTND4P14
WHAMMP2,DENND3,SLC38A4,Blank-2382
PROCA1,SAMD9,COL11A1,ETV6
SEMA6A,PABPN1,HPGDS,QSOX1
TMEM40,BIRC3,ORAI2,HOXB9
NID1,SMIM8,FSCN1,HOXB2
ZNF566,ITPRIP,COL17A1,KLHL18
CLDN1,USP53,TRIM25,IL7R
ANKRD20A19P,ANO5,UFSP1,BCL2
Blank-1006,BICD1,RHBDF2,Blank-2238
FAM171A1,Blank-1314,ACSL3,CCDC88A
PLCB4,ITGB3,ZNF503,RIT1
SYT2,DOLK,FAR2P1,ARHGAP28
C17orf49,KLF17,TEF,FGFR1OP
RAB6B,TMTC1,GLIPR1,BCL11B
MYOZ2,BARD1,TRIM65,HDAC2
CORO2A,ASAP2,CDC42EP2,HIST1H2BN
OXTR,CSPG4P12,MCAM,SLC35E4
MCM8,CHSY3,PTRH2,PRR5
ITGAV,Blank-1460,UBASH3B,NACA
BRINP1,KIAA1841,METTL6,NOTCH4
PRRX1,CCDC66,NT5C1A,PGRMC2
EGR1,STPG1,TMEM92,ZNRF3
OAS1,RPA4,AIPL1,ZCCHC24
Blank-0188,GNAI2,MTND5P12,MN1
TRA2B,HMBOX1,ENOSF1,UPP1
CEP295NL,FUT9,PVRL1,SORD
SYPL1,PDLIM3,PDCD6IP,NAV3
RBPMS2,ALS2CL,EPHB3,NR6A1
CACHD1,HP1BP3,TAGLN,COL5A2
LOX,PCDHGA9,MAP7,MTBP
MTURN,Blank-0722,WARS,Blank-2250
PEG3,EPHA8,BIRC2,SORBS1
MAML2,ZNF33B,FRAS1,MOXD1
Blank-0655,DNM1,CCSAP,RASD2
SLC27A2,FAXC,ERICD,C5orf56
ANK1,AEBP1,VLDLR,INSL4
STK39,ANKRD6,Blank-0596,AATK
CBLB,TLDC1,KC6,Blank-0215
PADI3,Blank-1122,DCLK3,TRAPPC13
TRAM2,CSPG5,SLC16A2,ENTPD7
Blank-1978,DNM3OS,FZD7,RNF122
LMBRD2,HNRNPC,ADGRG6,HOTAIR
COL9A2,UBP1,IGFBP5,SERBP1
DHRS3,VMP1,PODXL2,GAS2L1P2
CHDH,MYRIP,PRR5,CDC42EP3
ATXN1,TIGD6,FOXC1,METTL8
FBN2,LIN7A,SEC24A,RPL38
Blank-0643,TCF4,BEND3,CTDP1
NAP1L3,SLC16A12,OAS1,IRF2BPL
ERAP2,NEK10,RBBP4,Blank-0952
ASS1P9,COX20,NFATC2,Blank-2256
MMP16,TGIF1,DTX4,ERCC1
PCYOX1L,HIST2H2BE,NRIP1,NLK
DNAJC22,KDSR,PGM2L1,RBM48P1
ANXA2,BNIP3L,KCNK5,KLF3
ZC3H12C,MEF2C,GPR63,USP14
PDIA3,CACNG8,ZNF792,NAV2
SOX8,CORO2B,SLC2A1,HTR1D
DYNC1LI2,MIR22HG,Blank-0643,EIF4A2
CLDN15,CBLB,SRSF6,C1QTNF6
MAML3,ILDR2,TMEM179,HNRNPL
Blank-2566,TPPP,KLF10,USF2
EPB41L3,C5AR1,MYH16,AHRR
ERG,ZNF665,CROCC,ANXA4
SFMBT2,VGLL4,Blank-2037,MAP4
MED12L,IFI16,LPAR1,ATXN1
C10orf10,LRRK1,NUDCD3,ZPR1
GNAI1,EPHA5,DCBLD2,ATP2A2
SLC7A7,UBE2D4,Blank-0583,COL18A1
KCNK13,NOTCH3,NCLP1,EXTL3
MAFK,CCDC14,ZNF853,TAX1BP1
Blank-1483,CHSY1,KLHL23,SIX1
XIRP1,APOL6,ZNF165,CAMK1D
POTEC,KIFC3,TMEM19,RNF19B
FLNB,POLR2J3,SLC10A5,ENTPD4
DDX60,PTP4A1,ARHGAP30,TRAK2
Blank-2042,Blank-0704,MPRIP,SORT1
ADAM23,SLC46A3,CXADR,GTF2A1
THNSL2,SNX5,CEACAM5,EBF1
KIRREL2,HELLS,Blank-0356,Blank-0561
SRD5A3,MMP15,PLXDC2,PNLIPRP2
CHRNA9,GLS,ADGRL3,LAMTOR3
SPAG1,INTS3,Blank-1487,BLACAT1
Blank-1558,RAB27B,ETV5,SHFM1
MTND5P12,EEF1B2P8,DHRS2,TNFRSF1B
SPAG17,DTNA,HOXD1,ZNF717
GXYLT2,FLVCR2,RPL13,MMP14
TMEM38B,RBM5,FLG2,ADAT2
EXOSC9,TMEM47,TMEM189,COL25A1
PLEKHA4,CTGF,PDE1C,BAZ2B
Blank-2568,GOLGA2P5,LRP8,Blank-2248
SRPX2,SLIT2,LRRN4,AGMAT
TJP2,TMX3,BOC,EIF5A2
AEBP1,RIMS2,ST6GALNAC6,LRRC75B
PDCD5,IL12A,GPRC5B,RPS14
ZNF333,KLF13,ROR2,OTUD1
EML1,COX18,SEMA5A,GFPT2
STYK1,PILRB,Blank-9076,CCT5
DBET,PLEKHO1,SLC9A1,SMAD3
CTNNAL1,PARD6B,BHLHE41,MEF2D
WBSCR17,MKI67P1,KCNG3,NAV1
MSI1,PHF21B,RNASET2,SALL4
PDCD6IP,MARCH6,MPP4,ADGRL3
ZNF283,HUNK,GABBR2,Blank-2326
DYSF,SNHG14,EFEMP1,DHRS1
LPIN1,KBTBD11,ZNF860,PHLDA1
ZNF623,UNKL,NRAV,BCAT1
ZNF367,SLC9A1,ZNF814,LTBP2
ITGBL1,HTRA1,DCHS2,PFKP
IL1RAPL1,ACRC,IL17RD,TMOD3
HSPA12A,Blank-2324,TAX1BP1,MGAM
FRMD6,C1RL,LRRC8C,ST6GALNAC5
CEP295,SPATA33,Blank-1526,SLC7A1
DNAJC6,DOCK4,HAS2,RPL27A
NPAS2,MEGF11,RWDD1,ZNF503
CAMK1D,RNF144A,FAM101B,ANKRD30A
BARD1,ZNF559,CNGB1,TBC1D4
HNRNPL,Blank-2361,GTSE1,UGCG
SOX5,USP37,DCST2,AKT1S1
SLC9A2,ZNF844,LAMC2,ZNF607
SH3PXD2A,FAM132B,COL4A1,EHD3
SLC38A6,SLC18A2,CDK14,HEATR1
CXXC4,TEX19,BNIP2,ALS2CL
CYP2R1,DUSP5,Blank-1214,SP8
DOCK9,GP6,TMEM87B,RNF217
DFNA5,NDUFB5,ZNF141,MIR137HG
PKD1L2,A4GALT,Blank-0259,RASA3
AK4,HAS3,SCN1B,TOX3
NANS,ZNF354B,BCAT1,USP3
SCEL,SP100,TONSL,METTL21B
CSRP1,BMP2,DUSP5,TWISTNB
C1orf106,Blank-1270,Blank-0651,XPC
CD274,BCL2,ATP6V1C1,MYH3
IRF2BP2,NEIL3,PRKCD,Blank-1855
RER1,LZTS1,FZR1,ELK3
TSHZ1,C2orf70,DOCK2,AIM1
ELFN1,ZNF697,ITPRIPL2,TCTE3
DPY19L1,ATXN1,ERO1L,WDR17
HS6ST2,MYBL1,HGFAC,ZNF33B
STXBP6,ZMIZ1,GPR39,GDF9
GATS,TTC14,GARS,WDR19
DTX4,SMAD9,DTL,HSPA4
BAZ2B,FOXF1,TLR4,AHNAK2
ELF1,IFIH1,OVGP1,PLEKHG3
ARNT2,PCDHB18P,ZNF680,SPOCK1
B4GALNT4,DNAH1,Blank-0182,MEGF11
PRICKLE1,NEDD9,KIF14,Blank-9076
CXADR,RUNX2,Blank-2332,MDM2
LMAN1,HNF4A,CHRDL1,SH3RF3
NDFIP2,FAM210B,ZNF395,Blank-0595
CPO,KIFC1,Blank-1270,Blank-0488
SNX5,COL13A1,C1QL4,BBS12
RNF125,WTAPP1,FAM110B,CYP20A1
VAV1,TPBG,SDK2,ST6GALNAC6
ZFP82,RANGAP1,UCN2,CBLB
ZNF718,FRAT2,SLC16A10,CD109
SLC4A4,SDC4,PTPN13,Blank-1273
AGRN,HSPBAP1,EIF4A2,RPS24
Blank-1648,SUSD5,RUNX1,DNAH1
Blank-0110,ATF7IP2,PRICKLE2,DOCK4
DMRT3,ACAP3,Blank-2525,NOVA2
MTUS1,SATB2,FGFR1,NFASC
Blank-2238,PURG,FGD5,DAZAP1
RBFOX3,PKD1L2,SLAMF9,Blank-1124
TRPC3,FBXO22,HYPK,Blank-1460
FAXC,TRA2B,PSMG4,COL9A2
QSOX1,ARL6IP6,ZNF454,KCNK5
MAP1B,TNFSF4,SLC20A1,EN2
FGD5,LNPEP,C9orf16,PDE1C
YPEL1,FAH,ZNRF3,PGBD4
SH2B2,KCNB1,LRRN1,ADM2
ABCB1,PPP1R14C,ZPR1,GSTM4
SLC30A1,AEN,AP5Z1,C19orf68
CDH2,TRIB1,MAT2A,ALDH3B1
CHMP1B,FAM3C,HOXC13,SLITRK5
H2AFY,ATAD5,DDX58,CCR6
B3GALT5,ERBB2IP,KIF21B,NELFCD
TTYH1,C16orf96,PDIA3,ZNF91
ARHGAP6,MFSD6,MPZL3,MYLK2
HSD11B2,MNS1,CHAC1,DAW1
BEND3,GRIN2B,GPR3,SP110
EPHX1,GTF2A1,PRUNE2,BATF3
UGP2,TTC3,Blank-1309,SAMD4A
TMTC1,SLCO4C1,MARC1,NUDT4
IPO5P1,CCDC15,SLC39A4,FAM65C
EIF4E,NXF3,DPYSL3,CPO
RPRD1A,NCAPD2P1,DENND2A,ATF7IP2
HCN2,KRCC1,SLC16A9,TPP1
TIPARP,LONRF1,SPAG1,RNF125
POPDC2,Blank-1384,RPL10,SERPINB7
C5orf56,NASP,KCNMA1,KIAA1549L
SERPINH1,SLC43A2,CCR6,Blank-1276
Blank-0469,SYT17,DDX24,MLLT11
CTBP1,TRIM2,ANKRD28,RBMS3
KIFC3,SAMD4A,Blank-0694,TRIM65
PGM3,GBP1,SOX6,DCK
KCNIP3,ZBTB7C,TSKU,ZNF623
RAB7B,SETBP1,PRMT3,ISPD
RBMS3,HOXA11,GNB4,HHAT
CASP10,CMIP,NUFIP2,RFESD
RAI2,CYFIP2,SYT16,CPEB2
NOD1,POLI,PFKFB4,NOTCH1
PTPRN2,KDM7A,VDR,CARS
Blank-2326,ARHGAP18,PRKAR2B,RSPO3
IGFBP5,N4BP3,ENC1,VAMP1
PET100,ZC3H12C,ADAM19,FAM117B
DCAF12L1,EIF4EBP2,EXOSC9,SLC17A5
TXNRD3,PPP1R1C,AGO1,STXBP1
Blank-0339,RPL6P8,RSAD1,Blank-1571
ADAM19,FAM208A,HERPUD1,Blank-0885
ADAMTS12,DNAJC6,PEPD,CCBE1
FOXC1,SLC6A6,LRIG1,COPS2
DNASE1L1,HNMT,CYB5A,EDA2R
MARCH6,MGAM,CYP2S1,ZNF766
RGS4,PKD1L1,PRMT7,NCOA7
SYT9,DCP2,NTNG1,HOXA2
ACTR1B,GDF9,GUCY1A2,KCNMA1
BHLHE41,DDX58,C4orf19,EPB41L2
NEFL,ATOH8,PLOD2,NR2C2
COL16A1,COL25A1,TPBG,VSIG1
CSRP2,DDX31,DPPA4,MMP19
FKBP5,YJEFN3,PGRMC2,DDX10
DYNC2H1,THNSL2,THY1,NRIP3
LAMB1,ATP2B4,SEL1L,Blank-1210
CYP3A43,ZSWIM6,Blank-9275,CYFIP2
BDKRB2,DNASE1L1,IL27RA,FHDC1
STC1,ZNF607,TMED10,TBX3
CHST1,RPSA,GPD1L,Blank-1926
ADRA2C,ZNF354A,ZBTB38,Blank-2443
MATR3,PIM1,NAT16,NIPAL1
LINGO2,FAM221A,SPA17,ARRDC4
FAM114A1,Blank-1307,SMURF2,NPHP1
PCNXL2,ALPP,HNMT,SNX30
TMOD1,WHAMMP2,CCDC7,BMP4
CDYL2,PIK3CG,SAMD15,LCP1
PBX1,HYPK,NIPAL4,CDH8
SEMA6C,RGS16,CCND3,GTPBP10
SLC2A10,Blank-1233,APH1B,GPT2
PVRL4,PP2D1,CTDP1,DUSP16
ADGRD1,C8orf4,GPT2,METTL6
ADCY7,PGBD5,GINS2,RGS4
COX20,FBXL20,WDR73,PARD3B
ARNTL2,SLC27A4,AHDC1,MAST4
DRAM1,MMP9,FAM171A1,Blank-1648
CYFIP2,TOR1B,C3orf58,ARMCX1
PAG1,CA13,DNAJA4,LRP11
AQP11,P3H2,CIT,SOX17
CSPG4P12,SEMA6C,EFNB3,CYP2W1
TLL1,KCTD8,FOXD4L5,DTWD1
CARS,DNAJB2,ZNF442,RHOJ
RNF24,ARHGAP12,SLC38A1,RPA4
HK2P1,NACA,CTSB,Blank-1805
CHSY1,ARHGAP31,WNK2,YPEL2
HIST2H2BE,NPAS2,RPLP1,Blank-1127
TMEM179,BTN3A1,WNT7A,SDK1
TTC6,PDK4,RCOR2,TNFSF4
ZSWIM4,MTSS1,CHST6,MTCL1
OPHN1,EBF3,ARHGEF19,PABPC5
SYTL2,CRELD2,ALCAM,BIRC2
NGFR,LSS,PFKP,ADAMTS17
DOCK10,BRD9,GXYLT1,PMEPA1
THRB,ENDOV,NDUFC1,Blank-0859
TEK,CKAP2L,BNIP3,TMEM40
RNF144B,KDM4D,ZNF204P,PGM5
DENND3,RASAL2,TSEN2,SNHG15
CABP1,GPR155,NRP2,NRIP1
TMEM133,FAM114A1,ITGA2,FSTL1
Blank-2425,SLC25A37,ATP2A2,DCP1B
POLR2J4,ZKSCAN3,CLDN12,CNIH3
DRAXIN,TMTC2,H2AFJ,ALDH7A1
NPY1R,AACSP1,KBTBD8,CLIP3
ADGRE4P,ZNF704,HES1,MGAT3
SORT1,ATP2B1,AIM1L,NOP16
INSIG1,XKR9,AFG3L2,TMEM167A
POLH,TMEM145,JADE2,BMP7
PLAT,ELFN1,PRICKLE1,FAM153B
GNB4,C22orf46,GPM6B,BICD1
FAM221A,ME1,NEU3,SLC18A2
SEMA7A,HSF2BP,HAUS6P2,FAR2P1
TUB,ZFAND5,COL8A1,VPS8
SLC25A37,PNLDC1,Blank-2026,SESN2
Blank-2497,NAV3,THRB,IDI1
AACSP1,AGPAT5,LYRM4,SLC27A2
TMEM42,KCTD12,ELF5,TSC22D1
NOV,PAPD5,STX1B,FBLIM1
EHD2,NABP1,MBLAC2,Blank-1878
TRIM26,LPL,TRAM1,CHGB
Blank-1140,EDNRA,Blank-1276,SH3PXD2A
MYO7A,ZNF383,DIXDC1,CNTNAP2
HERPUD1,ST6GALNAC3,CHKA,ARNT2
MAOB,PASK,TRAK2,ATP6V1C1
C10orf11,FKBP5,PLCB4,ZNF883
MMS22L,PXDN,CYP3A43,DDX24
PABPC5,EDEM1,SHANK2,LIPH
ABLIM1,KIAA2012,SYT7,NXF3
DDX60L,CSRP2BP,PDK1,CSNK2A1
CXCL14,TNN,KIF20B,CACNB4
DCP1B,ZNF284,C1orf220,UCA1
Blank-0815,SVIL,ALDH7A1,KRT8P41
CHST3,ZNF850,PET100,NASP
DOCK2,FHDC1,DNAJC3,IER5L
IP6K3,CD59,IPO5P1,MEDAG
TRABD2B,ANKRD36B,RAB7B,Blank-2361
NLGN4X,C4BPB,TAB3,KCTD11
LAMP3,PROCA1,AGT,RUFY3
SOX4,RPL6P29,PARK2,ZNF100
ZMAT3,LPIN1,Blank-2566,ANKRD6
ERBB2IP,TRPS1,ULBP1,KLHL15
STEAP2,PDE7A,ADH6,BNIP2
KDELC2,GGT5,TNS4,EPHA5
IPO5,CD96,HOXB3,WBSCR17
NATD1,CCR10,TTYH2,ERG
FAM214B,RTN4R,CCBE1,ANKRD36BP2
CHIT1,VAMP1,TUB,Blank-1307
ATP6V1E2,FZD2,UBE2D4,USP9Y
ENDOD1,TICRR,TTC14,STAC
PDLIM1,C1orf106,CD274,PKM
HR,NOD1,KCNF1,LMCD1
PHTF1,ADCY7,KIF18A,TMTC1
ITGB1,PARD3B,WDR76,DDX60L
SLC2A11,HEXIM1,CHAF1A,KCNG1
C6orf118,TMEM236,PLK1,ERI1
Blank-0259,SLITRK4,MTHFD2,PKI55
ADAMTS15,MCC,MAGOHB,FGFR1
CLGN,PSTPIP2,NPM1P13,ZBTB2
KIAA1211,MRE11A,COL18A1,CCNJP1
ALPP,SLC35G1,Blank-0657,WDFY2
SLC2A1,TSKU,NDE1,ZNF695
ZNF354B,RTKN2,PHF10,GRAMD1C
Blank-9228,LTBP3,FAM43A,AGPAT4
Blank-0158,CMYA5,CA12,TEX19
TRIM13,SLC2A11,STRA6,ONECUT2
Blank-1737,MAML2,ZNF789,ARHGEF19
RBM14,ARL4A,NSUN7,CD160
CXorf67,ISL2,PPA1,PURG
RFX4,NOV,G3BP1,LRRN4
IFIH1,BMPR1B,MUC15,PID1
EEA1,CD180,VANGL1,SH2B3
GRAMD1C,TRPM6,RNF157,ITGB1
RASSF9,NR1D1,UBE2K,DCBLD1
INADL,ESM1,PELI2,TNS3
MPRIP,CHORDC1,C6orf3,MARCH9
ZXDA,LACC1,Blank-0469,NFATC1
KRT15,PHC2,NUDT21,PLK1
STAMBPL1,CEP152,C17orf49,TPD52L2
OLMALINC,KIF11,IRF1,PGM2L1
KCNA3,SMAD3,ITGB1BP1,TXNDC2
MAP6D1,SCARB2,SGK223,ITPRIP
RNF213,ENOSF1,MUC12,PTRH2
ZNF80,P2RY1,ZFP30,SGK1
RAPH1,NEK7,ADGRG2,IER5
Blank-2598,TNFRSF9,GPC4,RPL37
COL8A1,WDR19,MCM5,LSS
FAM214A,RASSF5,CD209,ZFPM2
SLC36A4,TSPAN5,PDLIM5,FAT4
ARMCX1,FIGN,EPB41L2,PPM1F
CHST6,RHOU,FAM210A,PHF10
PHF21B,ZNF474,SYN2,SLC39A10
STPG1,ERO1LB,Blank-2250,ZNF251
SYN1,SCD5,SVIL,FAM84B
C1orf220,CENPI,ZNF844,PER2
PDZD2,MNT,ST6GAL1,TSEN2
FAM101B,HAPLN3,Blank-1284,RPS3
PCDH7,ERC2,SOGA1,GPM6B
ZNF502,ARHGEF19,TRIB1,CHST9
TNS4,ZNF672,SDPR,PITPNA
SNHG14,EFNB1,PCNXL2,PLEKHA2
SSBP3,RAB36,PHACTR3,LIN28B
SLC37A2,KLHL3,HSD17B2,Blank-2291
RAB3D,MMP17,PAPD5,YPEL1
FOXF2,POLD3,XPOTP1,OSBPL3
PTGS2,RPS3,ZXDA,HNRNPDL
MAP7,MFAP2,KDM4D,SNRPD1
KIAA0895,SH3PXD2B,CCNE2,AP5Z1
ME3,Blank-0561,Blank-0949,Blank-1934
MTBP,RPS24,HOXA2,DPYSL2
SYT12,MYH16,CACNA2D4,ZNF10
SPCS3,RASL11B,TXNRD3,HSD17B12
EMP1,ARRDC3,PIM1,PGBD2
PDCD1LG2,LIF,CASS4,C2CD2
DBNL,Blank-0110,Blank-0832,SOCS3
GAS2L1P2,PTPRM,DNAJB9,HIC2
PLAGL1,TBC1D10A,ATP1B2,NECAB1
CEP128,TRIM26,PCYOX1,RASSF3
TAP1,DNAJB11,ZNF766,ARL10
COLCA1,ZFPM2,SOAT1,DDIAS
DIAPH2,SYNPO,YWHAEP7,Blank-2373
CMTM6,MAML3,PTGIS,PRKAB2
TNFRSF21,FN1,MITF,HADH
ASTN2,OSR1,ACTBL2,BMP6
RSPO3,NCAPG,KIRREL2,ADAM19
PCLO,NCAM1,RNF217,TMEM189
GBP1,DTX4,THOC5,S100A1
DCK,COL5A1,RNF24,ARL17A
RHOBTB3,SCN4B,Blank-0952,PHACTR2
PHACTR2,ANKRD36BP2,HTR1D,PSMG4
Blank-1444,CCDC69,KCNA3,DGKH
Blank-1309,CCDC7,GJC1,TLL1
GPM6B,LMAN1,RPSA,Blank-0063
ANKRD33B,SRD5A3,CTSV,DOCK5
PDLIM5,APBA1,ZNF99,FAM60A
PRPS1L1,MUC12,GNL1,TBC1D12
ARHGAP31,PANX1,SLC25A29,C8orf46
GXYLT1,Blank-1204,BORA,FAM109B
EFCAB13,ZNF778,AEN,ADARB1
WDR5,TMEM56,MYO5B,RPRD1A
EFNB1,Blank-1444,ARPC5,SOX4
SLC1A3,MAGOHB,TMEM200A,LTBP3
GREB1,ABCC2,MEF2D,SLC26A2
IDS,FAM169A,Blank-2291,FZD3
F2RL2,PTPRB,RHOJ,Blank-0596
TIMP3,TRDMT1,SH3RF1,POLQ
FRMD3,GRTP1,ADGRD1,UCN2
ATP2B1,SLC35F3,RDH10,PDLIM2
TBC1D12,PTER,RAB27B,B4GALT6
GP6,KDM5B,TRIM13,RAB3D
GTPBP10,LEPR,LHX6,CTSV
LGI2,LDLR,B3GALT5,RASGEF1B
GRHL3,MAGEL2,TLE1,SPARC
ARHGAP25,FAM111B,BRI3,FAM46C
GOPC,INSIG2,PKD1L1,KLB
SYCP2,MPEG1,CAGE1,NFIB
Blank-1630,NR5A2,GLB1L3,Blank-0677
ICA1,PTPN2,SEMA3A,NR5A2
JADE1,SOX6,TMEM38B,ACRC
GVINP1,FAM109B,Blank-0677,DGKK
PRUNE2,ZNF878,PCCB,CHRDL1
DPPA4,AIF1L,TRABD2B,ABL2
BICD1,AKAP6,Blank-1127,KRT75
SLC16A10,PLK2,SHISA9,KCTD5
TCAF1,PROX1,DLC1,KDM7A
KLF9,CHTOP,Blank-2204,PARD6B
MBNL3,Blank-2258,TRIM61,OSBPL6
WDR83OS,TMEM38B,HHIP,FN1
TM7SF3,OAS3,IDH1,WDR73
POM121,CRISPLD2,CAMK1G,TRIB3
DNM3OS,SLC36A4,NR4A3,WDR83OS
EPAS1,PWAR5,TBC1D16,TRAF5
DDO,DTL,SERPINE1,EXD1
NBEAP1,IL15,TRMT6,FAM169A
CAMTA1,APOLD1,IL6R,ZNF204P
GAP43,PPHLN1,MIR17HG,PGBD5
BMS1P1,ATP6V1C1,CCRL2,EGFR
ST6GALNAC2,CCDC71L,PRPS1L1,PNMA2
SERTAD1,BCL11B,TMEM144,DLG3
NCAM2,MMP16,EXD1,PARP15
CYP4F35P,MAN1B1,BACE2,ATXN7L1
PPP1R1C,MZF1,ALPK1,IKBIP
PLOD1,ZC3HAV1,HRH4,Blank-1747
GOLIM4,ITSN1,STARD8,TMOD1
COA1,DTWD1,KLHL3,Blank-2568
GFRA1,XYLT1,C1orf226,EFCAB13
NKD1,PIWIL3,Blank-2256,Blank-1487
ICOSLG,PCDHGB5,ADRB2,C1R
TGM2,RFESD,Blank-0365,UNC119
Blank-1499,ZNF662,PTPRN2,MYRIP
PTK2,AK3,Blank-1124,DFNA5
FBXW7,IER5L,TRAF5,CDH2
WRN,FGD4,RAI2,SOCS4
Blank-0595,PGBD2,GNAI1,HKDC1
VGF,ACTG1P15,PDE7A,OPHN1
TLN2,COL16A1,Blank-0007,PRKCA
TRMT6,FAR2P2,RPL38,BNIP3
C3orf67,TIAM1,LINGO2,DYNLT1
CDHR1,SLC27A2,PRR5L,MAP2
CD160,RNF152,TMEM200B,HSD17B2
STARD13,TMEM133,UBTF,HOXD1
ADAMTSL1,FBXO48,BHLHE40,ELOVL6
DAB2,CACNB4,TIMP2,TMEM145
RHOU,SHFM1,MAPRE2,PIK3C2B
ARRB1,PPM1K,ITPRIP,LYPD1
SATB2,ZNF404,SLC19A2,CD177
SSU72,RASSF2,MMP17,FAM83E
SLC23A2,COL6A3,ELOVL6,STPG1
Blank-0698,GLI2,ASPH,FAM195A
TMEM236,ALPK2,KIAA0895,ARHGAP26
DAZAP1,PABPC4L,NPY1R,MAGOHB
SCN4B,SNX19,VAPA,UGP2
FAM110B,CDC6,LIN28B,DLEU7
MMP2,TGFBR3,CHST11,STARD13
SDF4,CUEDC1,FAM153B,ZNF430
CBX2,PIP5K1B,MIR22HG,DOCK9
ABL2,CABP1,PBX1,VCL
ELL2P1,SDC2,NAV2,PCDHA2
NCS1,Blank-0231,MAP3K1,HDAC5
WARS,Blank-0488,NOVA2,PLXDC2
RASL11B,RAB33B,PSTPIP2,MARCH4
GSTM4,SEL1L,SYP,CDH13
Blank-2525,SORBS2,NPHP1,COX18
ACTBL2,Blank-1940,B4GALNT4,CEP152
RNF152,KLHL15,NFATC1,DUSP10
MEGF10,TIMP2,ANKRD33B,ITGAX
CHCHD7,LRIG1,PMFBP1,SLC22A18
BMP5,CSMD1,PGBD4,NEBL
GALNT7,METTL8,PDGFRA,CAGE1
NUDCD3,ANKRD36,CSRP2BP,ACSL1
TMEM74,MAP3K5,CHCHD7,Blank-1558
MFSD6,CSTF3,PLK2,TRA2B
MSNP1,RIN2,TIPARP,S1PR1
ANKRD13A,RBM48P1,ANTXR2,ZSWIM4
CYP4F22,ATXN7L1,TRPV2,MACF1
CDC42BPG,KLF6,TJP3,KRT18P59
CCL28,PLEK,DGKG,IDH1
ME1,PAPPA,CDC6,SAMD15
LTB4R,IRF1,ATP6V1B2,PRKACB
CMYA5,GLIS2,SPOCK1,ADAM12
ST3GAL1,RAPH1,TGFA,NBEAP1
ENDOV,MARK1,BRD9,C16orf87
CSMD3,PCDHB5,ANKRD6,Blank-1951
RGS16,HSPA12A,FAM126A,NEFL
ZFP92,Blank-2042,ZSWIM6,ZNF878
Blank-0117,ZXDA,KIAA0226L,ANAPC11
ACER2,MANBA,CDH23,Blank-0007
EDN1,CBX5,B3GNT3,Blank-2240
TSC22D1,TSPAN14,MEDAG,RUNX2
NHS,LIN28B,RTN4,CAMK2D
TMEM200B,SLC16A2,PPAP2C,Blank-1526
TMEM200A,KATNAL1,ZC3HAV1,CYP4F35P
NEBL,LBH,KCNK6,Blank-0423
NOS2,MTUS1,TTK,TSHZ1
PTBP3,SLC7A7,POM121,DHX9P1
C2CD3,BLACAT1,POLR2J4,CCDC3
SPPL2A,SERPINI1,AIM1,TRIM25
HOXD1,RNF122,KLHL4,PDZRN3
KCNB1,MEF2D,COLCA1,LIF
HOXA13,RPL36A,ANXA8L1,MAT2A
Blank-2037,ZNF276,HAS3,UGT1A7
ITGB3,RABGGTB,ZNF736,KLF17
Blank-2258,AMPH,ICOSLG,KCNK6
DUSP10,PHACTR3,PIK3AP1,NFYA
TMEM185B,TTC6,NHS,CACNG8
DDR2,SNHG15,FOXA3,PRDM1
PCDHGB2,Blank-1708,HCN2,F2RL2
SLC46A3,CBX8,CSRNP1,PCDHGB1
Blank-1940,PRDM1,Blank-9262,MXD4
PTPRG,GSTM4,Blank-2248,CCDC121
PDE1C,MEGF9,CPNE4,PDLIM1
TRIM65,Blank-0655,N4BP3,NKILA
FRMD4A,CARD10,ELL2P1,FAM126A
INTS3,PTGFRN,SRPX2,Blank-1122
NUDT21,GNB1L,RSBN1,MEGF9
VPS8,PTCH1,DISP2,ALG10B
PTCH2,MEIS1,SHCBP1,MYEF2
KANK1,CCRL2,DDIAS,PLD4
PPP2R2C,COL18A1,CACHD1,KANK1
C6orf132,GARNL3,GOPC,ENC1
Blank-0423,SERPINH1,WWTR1,ZFHX4
HADH,POLR2J4,MAST4,DYNC1H1
GPT2,NPTXR,Blank-2569,SVILP1
ZFPM2,PAK3,ERCC1,CTBP1
WDR19,TOP2A,GPR37,PIK3CD
MICALCL,KIF20B,RTN4R,SMOC1
C2CD2,ARID5B,ZFRP1,Blank-2026
INHBA,Blank-1483,TRPA1,PPP1R15A
HHIP,ARAP2,XDH,ZNF99
Blank-0694,Blank-0238,KDELR3,ATOX1
TAGLN,DSCC1,COL6A3,TRPM6
ADRB2,TUBE1,TP53INP2,BNC2
CORIN,Blank-1499,Blank-2443,CEP295
LTBP2,RASSF1,PTGFR,FLG2
SSBP2,MAGEB1,C1R,VLDLR
SLX4IP,UBE2G2,TCTE3,DDX58
CHTOP,THEM6,RPS24,PROX1
RBM48P1,TAGLN,ZFP92,UBP1
HHAT,HHAT,SALL1P1,MATR3
PAX7,SERINC5,DNAJB2,PLEK
ATP6V1C2,CPED1,IDS,PPP1R1C
OTUD7A,DPYD,STYK1,MTAP
Blank-9253,ENOX1,ZNF566,Blank-1204
ZNF33B,ALG10B,SLC38A6,TACC1P1
KBTBD11,SLC40A1,SPIRE1,TAF1D
Blank-1747,CKAP2,CRELD2,NUMBL
RAB30,ZNF99,PIK3CD,TGIF2
SNX19P2,CCDC3,FAM132B,SH2D2A
SP110,SURF4,PPP2R2C,SLC2A11
STK31,ZFP82,BMP6,Blank-9069
CMIP,BMP5,ANKRD20A19P,EDEM1
STMN1,TMX4,FHDC1,ARRDC3
PTCH1,HTR1D,ITSN1,MITF
ERICD,TMEM144,FAM169A,ASAP2
CDH8,TACC1P1,REL,FAM214B
KCTD15,Blank-2363,PROCA1,KDM5B
COLGALT1,PHLPP1,KANK1,Blank-2324
NEK7,DLEU2L,PABPC4L,SLC1A4
ZNF385B,FAM20C,GAS2L3,ENDOV
ZBTB7C,SDK2,MISP,CYB5D1
DYNC1H1,FZD7,ACAP3,SNAI2
SCN1B,ZNF695,EGFLAM,PLAC8
SHISA9,CREB5,ARHGAP25,Blank-2332
NPTXR,KIRREL3,ADAM12,FAM114A1
SYP,C14orf132,PURG,THNSL1
TRIM25,THBD,Blank-0063,Blank-2363
C1QTNF6,LRRC2,SCN4B,A2M
ZNF442,IL6R,KIAA0040,PDGFD
PNMA2,DHX9P1,LRRK1,ABAT
TRAM1,TARBP1,RPS14,ME3
ACAP3,FLVCR1,EGLN3,CDH4
DHX9P1,GATS,CPLX1,CACNA2D4
ARL10,COL9A2,UBE2G2,DOCK2
KRT8P41,SYT2,SYTL4,RBM45
PARK2,CYP26B1,WDR17,CA12
Blank-1909,SH3PXD2A,PRKACB,FGD6
NDUFC1,C7orf50,ABCB1,TNNI1
Blank-0365,DLG3,KCND3,SH2D3A
CHRNA1,ZHX2,ABCG1,SCLY
AHNAK2,DPY19L2P2,ANP32E,CD59
MTAP,SCN5A,CDYL2,ZNF333
ONECUT2,NR4A3,RNF122,RASAL2
SYN2,PGM2L1,TUFT1,OSR1
CNTNAP2,FLNB,FAH,Blank-2502
PRDM11,SOX2,PTGER2,ZNF680
BIRC3,XDH,Blank-1651,Blank-0238
IER5,SSBP2,TMOD3,PIEZO2
SLC25A29,KLHDC7A,ITPR2,MXD1
SLC12A2,NUMBL,TMEM185B,ADAMTS9
HMBOX1,SVILP1,PLEKHH2,PCLO
ZNF217,TRIM58,SH3RF2,NFKB2
AGPAT4,ANTXR2,PID1,NHSL2
KRCC1,PIP4K2A,PDGFD,Blank-1444
XDH,JUN,PEG3,EGLN3
STX1B,HS6ST1,BMPER,LRP5
COX18,ATP1B2,CDC42EP3,RNF165
TPM4,BDKRB2,SCARB1,RAB30
CADM4,VAT1L,KIAA1549L,ZNF778
PPP1R15A,GPC3,Blank-2240,SULF2
ASS1P12,Blank-0158,RBP1,TRIM13
ZNF114,GPR3,RAB36,PDE10A
RNASEL,SGMS2,PNMA2,BACE2
S1PR3,KLHL29,ENTPD4,COG5
FAT4,CDH23,OSR1,TTC6
NELFCD,CNIH3,EMP1,NT5C1A
TMOD3,JAM3,SLC7A6,RHOV
MYO5B,Blank-0596,CD59,ZFP82
CASP3,PABPC1P2,PKM,TTLL12
SEMA3A,KCNC1,PLEK,SYTL2
NPC1,PLEKHA4,CYP2W1,CHKA
SERTM1,DUSP10,PCDHGA9,NFATC2
TRIM14,THOC5,SERTM1,ANTXR1
MAMLD1,Blank-1855,Blank-1855,VEGFC
ARHGAP18,MCM6,PAXBP1,Blank-1748
SOX2,LAMTOR3,FGF2,Blank-0231
COPS2,RAPGEFL1,ZNF746,SSH2
CD109,SLC25A3P2,KCNK13,PHF21B
GPC6,NPAS3,EN2,PAPL
SLC16A9,LGI2,TUBB4A,MPP4
ATP1B2,PLD4,CHST1,WNT7A
TMEM92,OLMALINC,CDK5R1,FLVCR2
Blank-0231,GABRB2,ETNK1,PANX2
MMP9,GLCCI1,SNTB1,RASL11B
MRE11A,IL27RA,CNTNAP2,NOS2
ZNF682,WSCD1,PHACTR2,Blank-0657
MYBL1,SPPL2A,ANKRD13A,STON1
ENOX1,SERTAD4,ZNF655,Blank-1651
SPIN2A,GPR157,KCNC1,GABPB2
PPAP2B,CACNB3,RAB15,ATP10D
KLHDC7A,FARP1,SYN1,Blank-0365
ST6GAL1,ONECUT2,MLK4,PIWIL3
NRP2,NEGR1,WBSCR17,Blank-1284
EPT1,CROCC,PXDN,PAK1IP1
Blank-0651,OSMR,ERG,FRMD5
ETFB,GSDMB,NOV,CSRP2
GPC1,BEND7,RAB39B,MMD
CEBPG,SSR4P1,UGCG,ZNF383
TEX19,Blank-0859,GFPT2,INPP4B
C18orf32,INSR,CD160,GPCPD1
EDNRA,NUAK1,ABAT,RAP2B
TPD52L2,PHLDB2,TAF5,GPR155
SLC18A2,ICA1,VGLL3,LRP8
RPLP0P2,FAM101B,MTND4P14,EREG
CFAP97,NFATC1,CRISPLD2,OXGR1
GPR4,EPHA4,LIF,PRMT7
ARPP19,HAUS6P2,DYNC2H1,LMBRD2
UBE2G2,FAT4,NPAS3,FRMD3
RNF157,AGT,TINAGL1,UCK2
GSDMB,USF2,GLS,BNIP3L
MMP17,Blank-2204,NASP,SLC9A1
FAM171B,Blank-2240,HIST1H2BN,ARID3B
C1R,TRABD2B,C2CD2,HSF2BP
RGS3,ABCB1,CHRNA1,ERBB2IP
C8orf46,FAM46C,FUT1,MIAT
LHX6,Blank-1254,WNK4,FMNL2
MTHFD2,ANAPC11,JUN,SLC5A6
SEC24D,SLC19A2,EDEM3,HIF3A
CDK5R1,TTLL1,KCNE1,DCLK1
CRTAP,PARP15,SETDB2,MAN2B2
RIMBP2,Blank-0165,PCYOX1L,MRPL32
IDI1,PDK1,SOX13,GARNL3
SLC35G1,PLK1,ITGBL1,HTR7P1
SDC1,PDGFB,CDH13,AMD1
FAM46C,ANKRD28,DIDO1,XPOTP1
PDGFRL,KCNE1,ERC2,CDC42EP2
MEIS1,COL5A2,ZNF670,TTLL1
Blank-1651,RASGEF1B,ADM2,IL12A
GUCY1A2,MTND4P14,DYNC1H1,TMEM185B
EPHA4,ST6GALNAC6,EFNB1,SDC2
TRIM54,NANS,PRDM11,IL6R
CHGB,TMEM200B,NMUR2,VWA5A
ANKRD62,EIF4E,ITGB8,NAIP
C1orf116,GFRA1,SEMA6A,FARSB
PAXBP1,KIF5B,ATOX1,ADCY10P1
AEN,RARB,ZNF383,Blank-0509
GNAI2,PRR36,GGT5,GNL1
SOCS3,ASPM,EEF1A1P26,GVINP1
PCCB,PALM2,GPR155,DDX31
SLC2A13,DRAXIN,Blank-1006,CCDC66
NFASC,C3orf58,PCF11,HECA
KCTD14,TRPA1,GFRA1,CHST11
PIP5K1B,THRB,Blank-2502,LRRC8D
FUT9,CYP51A1P1,VAMP1,PRR5L
ANKRD11,CYP2R1,ARRB1,LIMD2
RUNX2,BRI3,RGS16,BRI3
ABAT,HSPA1L,Blank-9228,LOX
ZNF281,TXNDC2,ERO1LB,OTOGL
PTPN2,Blank-0557,PNKD,Blank-1254
MIR17HG,MIR17HG,PXK,Blank-0949
ROR1,Blank-0740,GABRA2,PABPN1
YOD1,ATP6V1B2,MGAM,ITPRIPL2
FAM46A,CMTM6,HOXA11,RPL39
BARX2,Blank-1214,ANO2,MORC4
ZNF430,SHISA9,Blank-2096,MAOA
PROS1,FAM49A,LAMTOR3,LINS
SPA17,RPLP1,UBP1,Blank-2499
CYLD,FGD6,CYYR1,SERTAD1
MORC4,XPC,SNHG15,C6orf118
UCA1,ZNF883,Blank-0464,MAP3K1
PFKFB3,PRR5L,THEM6,SIDT1
SH2D2A,Blank-9228,NET1,ITGA2
THAP9,ACTG1P9,MEIS1,TRPV2
DNM1,STXBP6,CDC42BPG,PRKCE
Blank-2499,TRIM3,GCLM,RPL12
PDK4,TJP2,IL22RA1,APBA1
CHST9,RAPGEF5,SLC35F3,LPAR1
GDF11,SCARB1,HR,EGFLAM
KCNG3,TRIL,PLA2G4E,TRMT6
XKR9,ETFB,PDZD2,FBN2
NADK,FRMD6,DYNLT1,ZFP92
SP8,SLC22A18,SH2B3,ADGRD1
EPG5,AHNAK2,BMP4,ENOX1
KLF6,EMP1,GAS2L1P2,ANK1
HSPA5,ZNF746,USP9Y,MMP9
CASP4,PCNXL2,GDF9,ORC5
LIN7A,E2F7,CDHR1,MED12L
B3GALT6,PLAGL1,TIGAR,DPPA4
Blank-2363,CEP128,TCAF1,CREBRF
SGK1,CTBP1,ISG20,RAB11FIP1
FBXO22,ASPH,JMY,WNT5A
HNF4A,MRPL32,POM121C,AFAP1L1
BMP7,PPAP2C,CCDC85A,FKBP4
PDIA4,CPLX1,SSBP3,EFR3B
OVGP1,GPSM2,QRICH2,MISP
MAN1B1,ADAMTS16,HSPBAP1,Blank-0158
MAGEB1,EDEM3,KLHL15,LACC1
MISP,Blank-1273,GRB7,ATOH8
LRRC8C,HNRNPKP3,MAN1B1,PXK
ZNF788,KIAA1324,SHFM1,TLN2
PXDN,ARMCX1,RABGGTB,RFX4
PLA2G4C,OVGP1,ARC,ERAP2
FUT1,NSUN7,ZNF502,HRK
ADCY10P1,UNC119,WNT5B,ATP2B4
PGRMC2,PER2,ADGRL4,UFM1
SSTR2,Blank-1951,PPM1E,CHIT1
UBE2QL1,TRIM35,CXXC4,SLC46A3
TMEM120B,SFMBT2,TMEM154,GP6
CEP85L,KDM4A,C16orf96,SSBP2
ARL17A,BIRC2,PLA2G4C,B2M
DDX17,AGPAT4,KIAA1161,RCOR2
PRKCD,KLHL21,FLYWCH1,IKZF2
GPR63,STAC,GTF2A1,ZCCHC2
CEACAM5,SOX5,STXBP1,ELF5
NR0B1,SLC38A1,Blank-1331,CDH23
GRIN2B,ZNF773,SNX19P2,NPC1
Blank-1254,UBXN6,OSBPL10,AGPAT5
MAB21L3,MAP7D2,B4GALNT1,SQSTM1
Blank-1878,SLC2A1,RARB,LTB4R
AGMAT,Blank-0117,BMP2,UBA52
DDX20,STARD5,NECAB1,MAP7D2
EDA2R,DDX10,MKI67P1,C6orf3
Blank-2502,WNT5B,CAMK1D,SERPINI1
WTAPP1,DTX3L,THBS4,NOMO3
VASN,KMT2A,THNSL1,FBN1
LAMA1,PMFBP1,ZFAND5,PGM3
MPP4,RPL6,FSD1L,BDH1
DNM1P41,SLITRK5,C7orf50,MSX1
FGF5,NPHP1,TJP2,FZD4
BBS12,RNF125,ATP6V0A4,S1PR3
ARID1B,SLC27A1,CNTN1,SOX6
TBC1D16,DYRK3,ZNF850,MDGA1
TFEB,Blank-1748,C10orf11,C16orf96
E2F2,OXTR,SERPINH1,SPATA33
Blank-2026,Blank-0595,SOX7,CARD10
GABBR2,NKD1,ABHD15,HOXA11
OLFML3,PTCHD4,RPL6,CASD1
GALC,MBNL3,FOXA2,PARK2
PGM5,TUB,MBOAT1,ZMAT3
ADAM32,NUAK2,PTCH2,MUC12
ANXA3,AQP11,ZNF430,ZNF746
PTGFR,FSD1L,RASA3,TMEM236
HNRNPC,RIN3,CD1D,FBXL20
KLC3,SYNC,FAM3C,TTC3
CPEB4,SYTL4,Blank-2324,ITGB1BP1
MYL6,KLF10,KIAA2012,B3GALT6
PIWIL3,PIK3CD,PLAT,TLR1
C3orf58,GLB1L3,PPM1K,COL5A1
MAPK6,FMN1,KRCC1,KIAA2012
PDGFD,B4GALNT1,NOP16,ZNF559
MIR137HG,NEU3,CARD10,HEXIM1
LRRC2,NLGN4X,HAPLN3,SEMA3E
FOXF1,LRRC4B,Blank-0423,Blank-0815
FN1,SRXN1,TRIM35,FSD1L
EGFLAM,CCL28,Blank-1934,Blank-0704
FAAH2,PAQR7,GARNL3,HSPA12A
KLF17,CYP2W1,SCARB2,NTRK1
GNB1,Blank-0215,AIG1,SNHG17
WDFY2,EEF1A1P26,Blank-1152,SERPINE2
FZD3,DDX24,ZDHHC23,THBS1
ITPKB,ADGRG6,ETFB,ZNF83
SDK2,Blank-1284,Blank-1748,COL27A1
BCL2,TGFA,ZNF695,RNASET2
SP100,DHRS2,SLC22A18,ARSI
GALNT6,ADGRV1,SLC2A10,C22orf46
ZNF454,Blank-0949,LIMD2,PLEKHH2
SLC38A4,GTSE1,SLC5A3,EML1
NR5A2,NMUR2,NOS2,RARB
SIDT1,PLAT,PCDHGB1,FOXF1
HKDC1,RBMS3,ADAMTSL1,DST
Blank-2314,MLK4,SLITRK5,STEAP3
RBBP4,DHRS11,PLAC8,SDF4
C3,ARPC5,TTLL1,GPD1L
ADH6,APH1B,E2F2,FOXD4L5
NR4A3,IDH1,ME3,CAMTA1
LYRM4,PLOD2,KRT15,SIPA1L1
KCTD12,FAAH2,MAP7D2,GSTM3
Blank-1934,LINGO2,UACA,TM7SF3
ASAP2,SLC37A2,PKD1L2,STC1
SCARB2,TRIM61,PAK3,KLF10
ETV6,CRIM1,MTCL1,TMEM144
Blank-0007,Blank-1978,CHST9,THBD
PSD4,PDIA4,Blank-2499,ZNF682
PCDHGB1,C4orf32,P2RY1,HDLBP
Blank-2569,RSPO3,KIAA1211,OLMALINC
Blank-1273,GVINP1,WDR83OS,JMY
Blank-9275,PRMT3,FBXO22,BSDC1
Blank-1214,C16orf87,HTRA1,DNMBP
Blank-1233,Blank-1259,SATB2,TNS1
SYT17,HPSE,Blank-0842,CYP2S1
DDX10,RPL38,NKD1,GLP2R
EDEM1,THNSL1,FUT8,ESYT2
PROX1,NFIX,PRDM1,PTPRH
TRPM6,SLX4IP,FAM49A,HPSE
RTKN2,COG5,LBR,FRAT2
ALG10B,CDHR1,ZNF883,CCDC14
TRDMT1,ZNF789,PDIA4,TCF4
FADS2,OSBPL10,PDP1,TEK
PFKFB4,AGPAT9,PTCH1,ADAP2
KLHL3,ARRB1,PLCB1,RBFOX3
RBM25,GPR65,FDXACB1,NXN
RDH10,DNAJC22,ADAMTS12,SYCP2
Blank-0583,PDCD1LG2,CPED1,LHFPL2
TRPA1,KCNF1,SOX8,CCNL2
RND3,CKAP4,TIAM1,RTN4
ULBP1,ASS1P9,MAOB,CEP295NL
HM13,RNF213,SIDT1,Blank-1483
SULF2,DBET,STC1,POLI
GPRIN1,WNK2,STXBP6,C1orf198
TRIM35,SH2B3,DHRS1,EDEM3
VCL,TLR7,PADI3,CTHRC1
DIRC2,SPOCK1,COL25A1,CREB3L1
PCDH18,IRF2BP2,Blank-2497,STX1B
Blank-0801,FLYWCH1,SLC43A2,C14orf28
BMP6,MYCL,KIF5B,C5AR1
GLIS2,CYP2S1,ANAPC11,ABCB9
DAAM2,SESTD1,ALPP,EEF1A1P26
MAF,CYP20A1,TOB2,RPL36A
DENND2A,PPM1L,C16orf87,DMKN
CCRN4L,SP6,SP100,GAS1
HTRA1,S1PR3,CCDC3,TBC1D10A
GPRC5A,HIVEP1,ANKRD36BP2,COL6A2
RNF103,KRT34,TNFRSF25,BARD1
MPZL3,KCTD9,WDFY2,TOR1B
B4GALT6,MYL6,EPB41L3,MC1R
GPCPD1,GJC2,FGFRL1,SLC16A9
CDH13,NHS,VAMP4,MYO5B
TRAF3IP2,SP8,THBD,SPRY2
HK2,KIFC2,BATF3,C14orf1
A2M,EPB41L3,RASSF1,FAM198B
N4BP2,PDCD5,NCAPD2P1,ZNF442
JAK3,Blank-2250,EPHA4,FBRS
TOR2A,SOX8,MTAP,TNN
PPP2CB,ARID5A,PPP2CB,ZNF547
RTN4,KIAA0895,IRF2BPL,CD209
CCDC66,VANGL1,WTAPP1,NUDT21
MDGA1,ZNF225,ITGAX,BICD2
SEMA5A,KCND3,Blank-1233,RPSA
LRIG1,ARL4D,TNN,SEMA5A
ZNF284,CPO,CDH8,MPZL3
FAM198B,SOCS3,C4orf32,NAP1L5
APBA1,ITGAX,TXNDC2,Blank-1314
METTL8,ARL10,HMSD,TMCC1
KAZN,CDC42BPG,ICA1,CCDC86
SCARB1,CDR2,INPP4B,ULBP1
PLK2,BACE2,GNB1L,FRMD4A
C1QL4,CCDC64,ZNF878,RAPH1
ASPH,CYB5A,POPDC2,TSPYL2
PTPN13,BHLHE40,SERPINI1,BMS1P1
SKI,B3GNT3,TMPRSS3,CDYL2
USP9Y,FASN,NUMBL,RPLP0P2
FBXL20,SCLY,PIEZO2,N4BP3
CREBRF,ZNF454,CCL28,NPY1R
MAP3K1,GAS6,CMSS1,ZNF703
CA12,EPRS,TFPI,FRK
CDC42EP1,CSRP1,SAMD12,Blank-1140
RUFY3,BRI3BP,ZC3H12C,CASP10
CTSV,CHCHD7,ZNF474,PTGFR
XPC,MBLAC2,MCM3,FLNB
FEM1C,SLC12A7,COL4A2,C10orf10
NPAS3,PANK3,NFASC,PRR36
RPL36A,FOXD4L5,STARD13,ANXA2
INPP4B,B3GALT6,TRIM26,VASN
EPHA3,FKBP14,Blank-0749,PBX1
MLLT11,NAP1L3,FMN1,Blank-9262
ENTPD4,CMSS1,MCM4,IL1RAPL1
NECAB1,PVRL1,DNASE1L1,AGPAT9
MYH16,INPP4B,PLD4,PLA2G4C
PLEKHH1,ITGB1BP1,CHIT1,LRRC2
GGT5,HES1,LGI2,CCDC7
LIMD2,SCG2,MORC4,DCBLD2
OTUD3,DMRT3,ZNF367,Blank-2569
MYCN,RSF1,VCL,TNFRSF9
ABLIM3,MTCL1,B3GALT6,POPDC2
Blank-0758,ARSJ,ANKRD50,MAOB
TSPYL4,PROCR,TMEM145,SOX5
PAPD5,SKP2,AKAP5,ADAM23
CBX5,Blank-0188,SVILP1,ZNF665
AGPAT5,CHGB,LAMP2,CD22
AIFM3,TRAF5,SKIL,FLRT1
FRMD5,NTRK1,SESTD1,FAM76B
PXK,MCM8,SUSD5,KATNAL1
TCAF2,COX4I1,PCDHB5,TANC2
ATOH8,C9orf16,SOX2,DPY19L1
MLK4,TRAPPC13,RPS3,DENND1B
WNT7A,DYNLT1,Blank-1259,FAM131A
COG5,FAM174B,Blank-1204,FAM174B
PIK3R1,GNL1,SEMA3F,PRPS1L1
MCAM,ITPR2,FGD6,NMUR2
IKBKE,PRRX1,FZD1,MARC1
MPEG1,SOX7,CTHRC1,F2R
TNFRSF13C,TAX1BP1,AIF1L,PDGFRB
CHRDL1,DGKG,COG5,AFF1
RNF219,ETV6,MARCH6,DVL1
ZNF665,NR3C2,PCLO,CAMK2N1
TET1,PDZD2,LMAN1,EMB
BOC,COL8A1,LACC1,ADGRL2
CRISPLD2,ANKRD13A,BMP7,ZBTB7C
RAB27B,RAB3D,Blank-0339,RPLP1
HOXB2,ZEB1,FAM78B,TCAF2
ZC3H12A,ADM2,TBC1D10A,PDIA4
Blank-0238,Blank-2568,FRMD6,FKBP14
SOX13,STYK1,MCM8,SLC30A1
Blank-2044,ETNK1,MANBA,Blank-1470
PLOD2,C3orf70,PER1,Blank-2258
UBTF,Blank-0623,RIMS2,CABP7
PNKD,ATP6V0A4,NEGR1,ARHGAP31
AHDC1,DDIAS,SLC25A37,SEMA6A
WNK2,Blank-9262,SPAG17,FAXC
BCAT1,GAS2L3,SLC16A7,IL17RD
Blank-2614,SEC24A,ZNF483,DDX60
TFPI,ARNTL2,TXNIP,WARS
C22orf46,RAB6B,SGK1,TNFRSF13C
AIM1L,CYYR1,WSCD1,FOXN3
DNAJB2,CDC14A,RAB30,Blank-1708
NIPAL4,ADAMTSL1,TNFRSF9,ARPP19
PGBD2,PCF11,ATP2B1,CSDC2
EPHA5,Blank-2256,MAML2,CHDH
DHRS2,IL1RAPL1,TLN2,SYT17
NMUR2,LIMD2,SLC43A3,TMEM37
TNFRSF1B,HOXC13,TRHDE,DHRS3
Blank-1329,NELFCD,Blank-0215,MAGEB1
FAM218A,PGF,PARP15,LRRC15
C11orf71,KIF18A,RIN2,SLC7A5
SSR4P1,NEFL,MAB21L3,Blank-0356
TMEM87B,ZNF680,PLA2G4A,Blank-9275
TNFAIP3,ANKRD33B,RASGEF1B,GNAL
MARC1,DCAF4L1,HM13,ZNF341
DNMBP,BDNF,HIVEP1,RIOK2
PPM1K,DDX60,GRIN2B,CALCOCO1
CCDC154,KCTD10,CYP4V2,YES1
PAK3,COL17A1,FAM167A,TAB3
Blank-0885,GLG1,MRGPRX3,YOD1
EMB,TEF,ZNF83,ESCO2
C19orf68,TAF1D,CHTOP,HNRNPR
PABPC4L,ZNF141,PCDH18,MOK
PPM1L,GPR39,ZNF284,TRIM35
SAMD4A,ZNF502,PDCD5,KIFC3
Blank-0657,NAV2,HOTAIR,PAK3
NEMP2,NUFIP2,HNF4A,PTCH2
PDK1,DOCK5,ZNF583,ATP6V1B2
MYOM3,C2orf69,CLDN1,SCN1B
TACC1P1,FSCN1,ZG16,KCNE1
ANKEF1,HOXA2,RASD2,DGKG
PDZRN3,TPD52L2,CCNF,SRD5A3
TMED10,SYT9,LRRC4B,TGFB2
PLEKHH2,ITPKB,PCDHB18P,DDX17
PMEPA1,PLA2G4C,MMP16,ZNF583
ZNF860,ZNF341,ARRDC3,KLHDC7A
MPP7,SLC43A3,CA7,POLR3G
TMEM189,DHFR,MYO7A,ANKRD20A9P
GUSBP5,ENC1,AR,NCAM2
Blank-0704,MARCO,PPP1R3C,SYTL4
NOVA2,PRDM11,MAP1B,LRRK1
APOLD1,Blank-0028,RAB27A,MRPS23
ARSJ,MYO7A,ADAMTS15,ADM5
FBXO5,SIDT1,AFF2,HSPA8P9
CREB3L1,COLGALT1,USF2,GAP43
ZNF141,CLMP,DTWD1,RBM25
MAP7D2,SLCO1B7,ELP2,DNM1P41
SLC40A1,PWAR6,DIRC2,APOL6
SVIL,NAPG,ETS2,SNX5
XPOTP1,SLC9A2,HKDC1,ITGB2
TRAPPC13,ATP10D,LOXL1,ZNF474
ERCC1,CALCOCO1,RPL36A,BDNF
DSE,PRKACB,CLMP,KLF6
AR,MCM3,SHISA2,EIF4E
UFSP1,ZNF655,CSRP1,SERTM1
SUSD5,Blank-1152,C1orf106,IRS1
SYNC,PRMT7,LRRC2,C10orf11
ESM1,ANK1,LZTS1,DHRS11
ADAMTS17,DOCK9,SLC36A4,NCLP1
WWC1,SSH2,TSPAN14,EDNRA
ERO1LB,CADPS2,HIC2,HEPHL1
MXD4,DYNC2H1,FBXO48,Blank-1886
TRIB1,TNS4,RFX4,FAH
UFD1L,CHRNA1,BLACAT1,STX11
FSD1L,PDLIM1,FAM109B,RAB3B
LCA5,POM121,Blank-0623,DAAM2
OASL,ZNF736,CACNB4,SSBP3
STX11,TRHDE,TCHH,CD47
SLC9A7,BHLHE41,SYT9,PLEKHA6
PAX9,CEACAM19,NLGN4X,PDE7A
ZXDB,NEURL1B,Blank-0117,COL17A1
SORBS1,FBN1,SNHG14,PRICKLE1
DLEU7,ITPRIPL2,IL18R1,MOCOS
C14orf1,ATOX1,DNM1,FXYD6
MLKL,QKI,HEXIM1,SPTLC2
NAT16,MORC4,ARID5A,IRF2BP2
FIRRE,HKDC1,CHSY1,HSPBAP1
ANOS1,FRMD3,VGLL4,ST6GAL1
MEDAG,FOXA2,FAM175A,MAF
RIPK2,KCNK5,C19orf68,TAL1
PUS7,BNIP2,RAB11FIP1,KRT15
PCDHGB5,ITGA2,NOTCH1,Blank-2497
LIPH,AIPL1,MAGEB1,NPTXR
TAB3,ADAMTS12,BICC1,MLK4
PDE10A,FAM167A,OPHN1,OTUB2
THBD,PLEKHH2,COL16A1,PTGIS
IL18R1,DENND1B,PIP5K1B,PMFBP1
Blank-1805,C8orf46,AQP11,SHROOM3
CRY1,SLC39A4,IGSF10,PPP2R2C
KCTD11,UCN2,BMP5,LIN7A
PGM2,EML1,PLAGL1,C18orf32
ZSWIM6,GALNT16,CD96,Blank-0117
EEF1A1P26,ZPR1,SLC37A2,GPR63
LSS,RASA3,KRT18P59,MUC15
TMX3,NOTCH4,ASS1P9,RIMS2
HMGB1,SLC25A29,Blank-0801,PDLIM5
BMPER,TMCC1,C2orf70,PPAP2B
LYPD3,ABHD15,TMEM255B,SRXN1
FAM84A,QRICH2,MBNL3,SPTLC3
YES1,KLHDC4,GBP1,C2orf70
KLB,CCNF,DLG3,CAPS2
TACC1,MMD,DOCK4,DENND2A
RNF217,AIM1L,C1RL,STK39
IRF1,MED12L,DRAXIN,TAS2R4
FGD6,ZNF503,S1PR3,PTDSS1
Blank-0488,FAM118A,TSC22D3,SLC35G1
KCNE1,TMOD1,KLF6,PLXNA3
DHRS1,CECR2,SORD,PAX9
ITGAX,TRPV2,SMAD3,Blank-1978
C2orf70,Blank-2428,SLC9A2,TMEM87B
MXD1,CHST11,KLHDC7A,TTC14
PLA2G7,KIAA1161,ZNF559,RAB36
NOP16,TANC2,DMRT3,ZMIZ1
Blank-1331,CCNE2,Blank-0655,CDK5R1
Blank-1886,Blank-2525,TTC3,IDS
KLF15,Blank-0239,INSR,LAMC2
TNFRSF9,CCR6,GYS2,GAPDHP47
ZNF474,ELL2P1,CHORDC1,KDM4D
NAMPT,FAM195A,Blank-2314,TMX3
CTSC,METTL6,CDT1,TRIM61
FASN,PXK,SLC6A6,CALM1
ADAP2,AHDC1,Blank-1747,PPP1R13L
TLR6,Blank-0339,BDKRB2,RNASEL
GABPB2,RPL39,AGMAT,MYCN
SYTL4,RYR1,TMX3,PLTP
CNIH3,DCUN1D4,BRI3BP,LAMP2
PLD5,UFSP1,ITGA3,MBNL3
MITF,PDGFRA,TNNI1,TBC1D16
WNT10A,BDH1,Blank-0815,GOPC
SPATA33,STK39,C11orf71,SPAG17
FBRS,SPAG1,PAPL,PIP5K1B
TLR7,TMEM255B,Blank-1940,Blank-2425
BRD9,POM121C,C16orf52,IQSEC2
STAC,LOXL1,RBFOX3,SGK494
Blank-2291,GYS2,ADAMTS9,GPRASP2
DGKG,VCL,STAC,ARNTL2
ADAM12,CDK5R1,MYRIP,SLC12A7
CORO2B,ZNF814,TNFAIP1,PAQR7
CYP20A1,SPTLC3,NUAK1,DBET
FZD8,AFF2,CSRP2,COLCA1
Blank-2204,ZNFX1,GALNT16,PPM1K
Blank-0028,RAB7B,FRK,GLB1L3
KRT34,NR0B1,GSTM3,XKR9
SH2D3A,EFCAB13,EGR1,GALNT7
HGFAC,MIR137HG,Blank-1499,DRAM1
MPP5,KCNG1,KMT2A,AMPH
IER5L,GPRASP2,OSGIN1,ETF1
RFTN1,HCN2,AEBP1,FAM221A
SKIL,ALCAM,MZF1,PPARGC1B
CKAP4,C19orf68,COPS2,ANKRD36B
MUC19,MICALCL,BNC2,KIAA1211
NOTCH4,RAB31,CACNB3,NAT16
EGLN3,PLD5,MAFK,TXNRD3
LPAR1,SYN1,ARAP2,WWC1
Blank-9262,BBS12,ZNF827,ARPC5
PANX1,EPB41L2,TACC1P1,GNAI1
GNAS,EN2,HSF2BP,PDGFB
DBP,CAPN5,GOLIM4,ADRA1B
ZNF814,TET1,UCA1,FBXW7
SORD,EXOSC9,RNF152,ASS1P12
RARB,ATP1A3,NR3C2,MYOM3
SPARC,TAF5,FAM196B,TBC1D19
REEP5,CNTN1,ARL4A,GPR65
EPRS,PPARGC1B,TMEM133,MB21D2
C16orf87,SHCBP1,MUC19,CADPS2
TBC1D10A,CHST6,PGM3,NES
KCNF1,CA7,MRE11A,SLC37A2
KCNK6,VAMP4,XYLT1,EPHA4
RBP1,BBX,Blank-1228,AIPL1
ZNF276,MKX,Blank-1307,THBS4
SNRPD1,MB21D2,PPP1R9A,CROCC
GLRX,BCL11A,Blank-0188,F13A1
Blank-0859,HOTAIR,PAQR4,ERICD
SLCO1B7,Blank-0226,WFIKKN1,RAI2
RASD2,LOX,PLD1,LONRF1
IGSF10,WDR17,WSCD2,PCDH7
ZSCAN12P1,SLC6A9,ARNTL2,PFKFB4
FLVCR1,NDE1,RHOU,GRTP1
S100A1,LYRM4,CDR2,MYO7A
RAP2B,MAT2A,C2CD3,CD274
TUBE1,NRIP3,QKI,SYNE2
PTGER2,PTCH2,ABL2,ZNF284
PID1,MAN2B2,LPL,NFKBIE
WNK4,SLC2A10,SLCO1B1,RER1
KC6,TBX18,NPTXR,GAPDHP14
EDEM3,Blank-2499,Blank-1254,SPA17
ATOX1,TXNL1,ZC3H12A,PCCB
KCTD10,ELF5,CKAP2,NEU1
TIMP2,BEND3,KLF3,ADRB2
AIG1,MOK,SORBS2,SLC43A2
FGFR1OP,KLF7,CACNA2D1,RGS7
GLIPR1,SERPINE2,Blank-0238,MPRIP
ERC2,AKAP9,EXT1,NLRP3
IL27RA,TCAF1,PCID2,ABCC3
FLVCR2,FAM81A,YBX3,BMP2
BMP4,TSHZ1,PHLPP1,SPRED3
AGT,LAMC2,NOTCH4,KLHL30
HEXIM1,Blank-9109,ELFN1,LHX6
SLC43A2,GEM,CAPS2,SLC39A4
HAS3,SORD,ACTG1P9,PRDM11
TAL1,HOXB3,GNAI2,GRB7
ARHGAP26,GUCY1A2,CABP1,GLRX
GPD1L,NCOA7,CD22,CHRNA1
TIGD5,ADGRL3,DCBLD1,ZHX3
GMEB1,SYTL5,ALOX5,PPP1R9A
Blank-1748,RANBP6,GLRX,GALNT6
FAM3C,TAP2,GNAQ,SYNPO
MVK,IPO5P1,MACF1,IFFO2
DCLK1,ZNF91,XKR9,SOX2
CD209,ZHX3,KCNQ3,GRID2
Blank-2096,GPR37,CEP295NL,PDE5A
GFPT2,SH3GL2,C8orf46,MFNG
INSL4,Blank-2326,UBXN6,NIPAL4
C3orf52,MC1R,RGS3,ADAMTSL1
C9orf16,NT5C1A,CYP51A1P1,SYT2
DLG3,TMEM154,PLEKHA4,TPPP
SERPINI1,ADH6,DNM3OS,WSCD2
TRIM61,Blank-2598,CCT7P1,TCAF1
PCDHA2,CACNA2D1,IL12A,KBTBD11
HDLBP,EGLN3,MAPK6,BAZ1A
THNSL1,Blank-2248,BCL11B,DSEL
FKBP4,PNLIPRP2,ANXA2,CSMD3
Blank-2443,PLA2G4E,CYP20A1,FKBP5
RFESD,DDX60L,ARHGAP12,BOC
TTLL1,TBC1D19,PASK,SHISA2
FZD4,BORA,COX4I1,ITSN1
PMFBP1,TLL1,EPHA3,Blank-1006
TARBP1,Blank-0842,MFSD6,RNF157
MEGF11,UGCG,CASP4,MRE11A
CYB5A,RAB15,KIAA1324,ANKEF1
KIAA1549L,TUFT1,KRT8P41,ABI2
LTBP3,LAMB3,Blank-0557,CCL28
MYEF2,SLC25A23,SKP2,PRRX1
FIGN,CACHD1,Blank-1558,HIST2H2BE
ARPC5,ZNF623,GPR27,FBXW10
MEF2C,JADE2,RND3,OASL
AIM1,UCA1,AHRR,ETFB
OLIG1,TNFRSF25,SLC35G1,PKD1L1
SIPA1L1,CDT1,ZFP14,CYP3A43
WDR55,ANKRD50,ZCCHC2,CUEDC1
DNAJC3,NEDD4L,NFKBIE,DYNC1LI2
Blank-1314,SNAI1,LAMA1,CSRP2BP
Blank-1487,KIAA1211,FAM84A,PLAGL1
GLB1L3,KCNG3,KDELC2,OLIG2
COL5A2,ATP5G1,F2R,Blank-1499
DSG2,PHF10,LAMB3,FEM1C
MOXD1,FBXW2,Blank-0859,HR
PARP15,UACA,IKBKE,NANS
ACRC,WDR73,WHAMMP2,Blank-2037
TSKU,Blank-0509,C22orf46,SEC24A
RSAD1,FAM153B,ZNF547,GABBR2
RCOR2,CD209,AFF3,SCARB1
CCRL2,CRMP1,XK,NPAS3
LRP5,WDR55,SLC7A11,Blank-0110
HOTAIR,DCLK3,FBN2,CBX2
TNFSF4,PET100,RELB,CMIP
SEMA3E,DSEL,PLAU,ERC2
COL12A1,FOXN3,ADGRL2,HPS4
CDC42EP2,FAM175A,KIF11,Blank-1940
GREM2,HGFAC,OXTR,SSTR2
RASGEF1B,VGLL3,STOX2,PRMT3
UHRF1BP1,SLC5A3,GHR,Blank-0239
HSF2BP,MTND5P12,CYP2R1,CDC42EP1
PLXDC2,BAZ1A,ARL4D,SUSD5
PLD4,BICD2,Blank-1314,FBXW2
DUSP5,MOCOS,CARS,MRGPRX3
CDC42EP3,TPM1,KLHDC4,TNNT2
SVILP1,PPA1,SLC6A9,NAP1L3
HAPLN1,WFIKKN1,Blank-2042,BIRC3
Blank-1124,ICOSLG,FAM65C,HMGB1
SDPR,ZG16,HEPHL1,SH3PXD2B
SLC6A15,PDCD6IP,NUAK2,C16orf52
NCLP1,ARHGAP25,TMEM37,BMP5
DNAH1,SERTM1,FRMD3,TGFBR3
PGBD4,GALNT10,ATL3,SYT9
TRPV2,KAZN,RPL6P8,PCID2
EXD1,Blank-0063,GAPDHP14,TRAM1
UBA52,KRT8P41,ZNF607,TMEM56
FAM222A,SYN2,FAM76B,MCOLN2
PLEKHA2,FGF18,CACNG8,ZNF853
SNX8,IL17RD,SCARF1,GATS
MRPS25,PCDHGB1,Blank-0740,DNAJC6
ITSN1,ARRDC4,APBA1,RAB39B
REL,EGFR,ZNF519,GLCCI1
SQSTM1,PPM1E,SEMA6C,AFF3
RIMS2,RASD2,PCDHGB2,FAM3C
LCP1,MRPS23,DNAJC22,TMEM200A
PRELP,SYP,PLD5,RNF152
SNHG17,FIRRE,VSIG1,GPR39
C6orf3,SLC38A4,SFMBT2,ZNF395
HSD17B2,FBXW10,UPP1,SOWAHC
ZNF204P,Blank-0815,ANXA4,HGFAC
TTC3,CTDP1,PGM2,SYP
NUMBL,ZNF788,CCNL2,ADCY7
BCL11A,TSC22D3,EBF3,DPYSL3
SLC39A4,Blank-1747,BBS12,ATP5G1
Blank-1276,MCAM,OSBPL3,CXXC4
CARD10,Blank-2569,PARD6B,CA11
CHST14,TLN2,CDC14A,IP6K3
HRK,ZFP14,CHDH,KC6
ARC,RAB30,PGBD5,HERPUD1
RPA4,CCT6P2,CNIH3,NLGN4X
SLA,PTPRG,DBNDD1,TLR6
Blank-0063,NAP1L5,Blank-1460,SLC38A6
RHOJ,MRPS25,GAS6,GFOD2
FILIP1L,C6orf3,TPD52L2,ACTBL2
RANBP6,SLC20A1,SLC7A7,Blank-0339
DPYD,ABLIM3,RHOBTB3,RAB42
ELOVL6,TBC1D16,MAP3K5,ZMPSTE24
PANX2,XK,C4BPB,UBE2D4
NKILA,GPR4,Blank-2428,SLC16A10
ANAPC11,PLOD1,PWAR6,NPAS2
C14orf28,C1orf220,HUNK,Blank-0651
MAST4,NOP16,STMN3,Blank-0226
SLC27A1,LBR,ZNF225,COL4A2
Blank-9109,FZD1,CRIM1,GLIPR1
PGBD5,FGF5,Blank-0561,ATP1A3
DYNLT1,GARS,AGPAT5,MAML3
CCNL2,SNX8,CDH2,RAB6B
Blank-1122,WRN,SYT17,ZC3H12A
EREG,CEACAM5,PIP4K2A,NATD1
TNN,NIPAL4,NFIX,HNMT
CHST11,NDUFC1,ALG10B,FAM171A1
HTR7P1,Blank-0469,SPOCD1,SLC16A2
ZNF746,KRT15,GABRB2,LYPD3
NHSL2,SLC39A10,SOCS3,MCM5
Blank-1762,NAT16,RSF1,GOLGA2P5
MIR22HG,SLC16A7,CARS2,KCTD15
CACNA2D4,LINS,RAB6B,PVRL4
ATP6V1B2,HR,LTBP3,KCNF1
PARD3B,RSBN1,CMIP,ZNF385B
KLHL30,PCOLCE,UNKL,CRELD2
Blank-0165,CLDN1,FUCA1,SLC9A2
LACC1,AIFM3,JAK3,COL12A1
LAMB3,PTPN13,MIR137HG,SLC4A4
GPR39,PLA2G7,KAZN,SLC25A3P2
SLFN5,CHDH,TRAPPC13,PLD1
SLC22A18,SYT16,SPATA33,CDH11
SDK1,Blank-0677,MYH15,NOTCH3
ZNF773,SGK223,GLP2R,B4GALNT4
LDLR,C1QL4,EDNRA,MAN1A1
GPR157,CAGE1,PAX7,Blank-1762
SAMD15,ITGBL1,VGF,GPRIN1
PALD1,ZNF860,RAB33B,SYT14P1
NLRP3,CAMK1G,NAP1L3,ERO1LB
ZKSCAN3,PTGFR,Blank-2361,EPHX1
Blank-1526,SGK1,IKBIP,NOD1
Blank-0356,SAMD12,TET1,CCRL2
SAP18,DDX20,SLITRK4,KCNIP3
ZNF519,THY1,IFIH1,MMP24
ABCG1,CCRN4L,CCT6P2,FUCA1
PRKACB,ABL2,RNMT,CBX8
KCTD5,SOX4,TSPYL2,CHST3
GJC1,ELOVL6,PTP4A1,ZNF860
ARRDC3,WNT10A,Blank-0028,CNGB1
ADGRG6,ISG20,Blank-2363,KLF15
CAGE1,ADAM12,SLCO4C1,KCNQ3
OTUD1,ZNF670,ENOX1,MUC19
CENPCP1,ZNF483,FBXL20,AIM1L
MGAT3,PTRH2,FLRT1,CAPN5
PCDHGA9,CASP3,Blank-0722,Blank-2204
Blank-1470,RTN4,SUSD6,NABP1
TF,PSMG4,ZNF697,ABCB4
TGIF1,RNF24,CEBPG,DMRT3
IL12A,TAB3,STK39,STAMBPL1
SYT14P1,ADRA1B,IL15,Blank-0698
CCDC169,SLC10A5,SOX4,MYOZ2
PTCHD4,TIGD5,COL5A2,POTEI
RBM5,PTDSS1,ZNF251,RELB
MAOA,TNFAIP1,ZNF665,POTEC
B2M,PCCB,VAT1L,ADH6
GARNL3,EIF5A2,CPEB2,OSGIN1
ZNF559,PSAT1P1,IER5L,GXYLT2
NR6A1,PSD4,EFCAB13,NKD1
CRELD2,SLC6A15,PIWIL3,SLC2A10
MFAP2,EIF4A2,SERINC5,ARHGAP25
FAM76B,CENPF,PRELP,LAMP3
LAMC2,GSG1,GVINP1,PWAR6
BMP2,KLHL4,RNF19B,CHST1
MTCL1,RPS14,ABLIM3,SLC12A2
HSPA1L,TMEM167A,AACSP1,Blank-2614
CCDC3,FLG2,ARSJ,ZNF354B
DCBLD2,NRP2,GNAL,ABLIM1
MARCH4,CCBE1,NXF3,KIAA1841
HSD17B12,REEP1,PARD3B,TMEM30A
TXNDC2,CACNA2D4,ADGRG4,CYB5A
LRRC15,MOB3B,SSBP2,MTUS1
RAB36,Blank-1127,CHGB,EPB41L4A
NXF3,KIF14,MTUS1,DSE
FAM175A,Blank-2566,FER1L6,MFAP5
PRMT3,SHANK2,Blank-9109,MLEC
FAM132B,DAB2,ATOH8,YBX3
SOAT1,Blank-2497,PLTP,Blank-1630
WFIKKN1,ADGRL4,DLEU2L,CDC42BPG
WNT5A,GNAQ,CCDC64,FAM84A
PLTP,ELP2,Blank-2258,SMURF2
KIAA1143,RFX4,Blank-0226,HERC3
FAM196B,EPHB3,EFNA5,SYT12
TIGAR,F13A1,C14orf28,TCHH
Blank-0677,C11orf95,PNLDC1,RANBP17
Blank-1204,PRKCD,NANS,OLFML3
CD22,TTK,GPC6,AQP11
OTOGL,TNS1,PRRX1,AHDC1
ZNF404,BMP4,ITGB2,DNAJC22
ST6GALNAC3,LHX6,C1orf204,LEPR
LYPD1,Blank-0749,ATF7IP2,SAMD5
ELK3,HSPA8P9,GRAMD1B,HOMER1
MCOLN2,ZSCAN12P1,OTOGL,PTPN13
TMX4,MCM4,ATP1A3,RHOU
FAM118A,GALNT18,AKAP6,PHLDA3
ZNF100,SIX1,ARL10,INSIG1
SP6,VEGFC,RFESD,CLDN1
FAM109B,CCT7P1,ITGB3,PGM2
IL17RD,PDGFRL,PPHLN1,LRRC8C
PRDM1,PRELP,DBET,GPRC5A
EBF1,TF,PODXL,Blank-1228
NEU1,FAR2P1,PTER,CRISPLD2
NAV3,NECAB1,KNDC1,ZNF844
CABP7,KC6,PGBD2,TCP11L1
LRRN4,TRAK2,PABPC5,NDFIP2
HDAC2,VASH1,Blank-0704,PADI3
EPHA8,PTBP3,IRF2BP2,C1QL4
IRS1,RPL27A,EMB,CHTOP
TOX3,TNNT2,PROX1,ICOSLG
OXGR1,KCNK6,Blank-1122,CYP4V2
ELF5,Blank-0694,FLVCR2,ZNF827
ADGRL4,MTAP,KCTD10,CYP2R1
PCID2,DNAJC25,ZHX3,NEMP2
ZNF547,MAP6D1,TEAD1,SH3GL2
FAM78B,LRBA,PILRB,FAM46A
PPRC1,TONSL,TPM1,DRAXIN
TSEN2,MLKL,ZNF354A,TIMP2
PLA2G4A,ARHGAP28,KLHL30,LYRM4
RNASET2,ZFP30,RYR1,ASPH
TPBG,CASS4,ANKRD11,TRPA1
CACNG8,WDFY2,DDX10,C9orf16
IL22RA1,PID1,GATS,ZNF814
SH2B3,GAPDHP14,PLEKHA6,WDR3
VWA5A,Blank-1329,MMP24,ZNF502
PPIP5K2,ATP6V1E2,LNPEP,CX3CL1
CEACAM19,TRAF3IP2,COX20,LPP
VLDLR,EIF4A2P3,THNSL2,SCARB2
PARD6B,EPHA3,FEM1C,MSNP1
ELP2,STOX2,CECR2,RBBP4
RASA3,RNASET2,PDLIM1,PABPC4L
PIK3AP1,SLC7A11,CCDC18,TMEM120B
DISP2,MFNG,ZEB1,MAP7
Blank-0740,CASD1,KBTBD11,TRIM54
COL27A1,KCNQ3,MKX,CPEB4
NDUFB5,COPS2,HBEGF,ZNF114
MMP14,GLIPR1,DNAJB11,NAGK
ZNF883,WDR76,TRIL,GALNT10
RYR1,GABRA2,LIN7A,LENG8
CD177,FAM218A,EIF4A2P3,SMAD9
PHACTR4,Blank-9076,PTCHD4,SYN1
DNAJB9,MAMLD1,FAM46C,TMEM184A
Blank-1210,ZFP36L2,GALNT10,DPY19L2P2
AKT1S1,PADI3,DDR2,SFMBT2
CACNB4,Blank-2502,IL1RAPL1,ANKRD13A
PLXNA3,RBFOX3,DDX60,Blank-1233
FAM129B,ZNF766,MNT,Blank-0583
ZNF878,Blank-0685,SYNC,GRIN2B
ZCCHC2,SPOCD1,TBC1D19,RNF219
HSPBAP1,DHRS1,TNFAIP3,SLC44A5
GLG1,FAM43A,DENND3,OLIG1
SOWAHC,STMN3,CSPG4P12,CDHR1
CSRP2BP,Blank-0356,CYLD,FAM132B
BNIP3,ARID3B,MAN2A1,ADAMTS12
RIN3,Blank-2382,NFYA,ITGB3
KIAA2012,NFATC2,FGF18,DAP
TSC22D3,SSBP3,NACA,PLCB4
Blank-2361,PGM3,SLC25A23,MAGEL2
FAM107B,PPP2R2C,PABPC1P2,LGI2
PCDH17,CHST1,GPRASP2,GPC3
HYPK,BMP7,DCAF7,PTCH1
PKP3,ZDHHC23,BIRC3,SYN2
Blank-0952,EXD1,RGS4,NRP2
Blank-1384,Blank-1934,AIFM3,BARX2
GSTM3,NIPAL1,ZNF80,TPM1
DNAJB11,SOGA1,TRPM6,TRIM3
ATF7IP2,TBKBP1,TNRC6B,AACSP1
Blank-2332,CDH13,STK31,ICA1
MMP19,B3GALT5,ELOVL7,CCDC64
PLCB1,ITGA6,Blank-0231,PGPEP1
ERI1,FZD8,PDLIM3,PRUNE2
SPC25,PABPC5,OLMALINC,SEC24D
NFKBIE,BNIP3,SCG2,Blank-9253
MAP2,ANXA2,XPC,GAS6
NACA,NUDCD3,VASH1,OLR1
Blank-0561,JAG1,NELFCD,CSRP1
RPS14,SLC1A3,ANXA3,DLC1
SPIRE1,ETS2,ACRC,ARRB1
GNL1,CARD11,CSTF3,LPIN1
GLP2R,EGFLAM,KIRREL3,SLC9A7
DAW1,DCBLD2,CCR10,FGD5
ITGB1BP1,NLRP3,EIF4E,REEP5
MFAP5,GREM2,ALS2CL,SAV1
PTPRM,GAS1,RPL6P29,CORO2A
AP5Z1,ADRB2,EML1,MFSD6
OLIG2,RNF157,FOXF1,OGFRL1
PTDSS1,ZNF430,DOCK10,HNF4A
PLD1,FGFRL1,VWA5A,CECR2
EN2,C10orf11,ARNT2,MAN1B1
PIK3CD,MAOB,Blank-1273,KCNA3
SEC24A,RNF165,NAV3,MPZL1
Blank-1127,AGMAT,TRPC3,AGT
UCK2,CCT5,AGPAT4,ELL2P1
UGCG,CDC25A,EDEM1,Blank-1309
Blank-0215,KCNA3,OR4F13P,Blank-1270
DST,TMEM19,ZNF354B,CCDC71L
LRP8,RCOR2,DHX9P1,KLHL21
MIAT,SPAG17,DBNL,PDZD2
CD180,TMEM200A,ETV6,GNAI2
BACE2,HSP90AB6P,LSS,VASH1
FAM153B,AKAP5,DDX60L,CENPB
CPNE4,MAP3K1,ADCY7,TRIL
SHISA2,Blank-2332,B2M,FAR2P2
FOXA3,Blank-1648,SEPT3,EIF2AK4
ETS2,ALDH7A1,Blank-0488,KIAA1143
Blank-2428,LRP8,TLR1,MEIS1
VAPA,Blank-0643,NOD1,CABP1
TLR1,NCLP1,PRKCA,EIF4A2P3
MLEC,KLF15,FAM171B,VAV1
CCR10,ANTXR1,NR5A2,VMP1
IL15,MAST4,RAPH1,SLC6A15
Blank-1307,ELOVL7,LPIN1,PCYOX1L
DTWD1,PFKP,ZBTB7C,FAM65B
AIPL1,Blank-0583,CORIN,ADGRE4P
AATK,ITGB8,Blank-1978,PRKCD
FGFR1,MISP,TLL1,KDELR3
EPB41L4B,ANO2,SP8,GGT5
SLC26A2,ALOXE3,TBX18,PCDHGA9
PRKAB2,KIRREL2,RAPGEFL1,AGRN
CAPN5,INADL,CCDC121,KCNK13
TBC1D31,SLAMF9,RIT1,GREB1
SLITRK5,IL18R1,PTGS2,SRPX2
CALM1,HSD17B2,AK3,Blank-0188
ZNF766,KCNMA1,UGT1A7,OAS1
SURF4,PELI2,RAB3B,CITED2
ZG16,C16orf52,SYT14P1,HMSD
USF2,SKIL,TMX4,GNB4
DDIAS,CXXC4,FAT4,E2F8
KMT2A,ARNT2,RAB3D,SLC39A14
ALDH7A1,TOR2A,ZFHX4,GRHL3
SLC17A5,PDP2,HSP90AB6P,MTSS1
NET1,PHLDA1,Blank-1648,NCS1
HEPHL1,JADE1,FAM118A,ZNF566
ZNF695,RGS4,FN1,ZNF662
MFNG,CHST9,CAMK2D,ERRFI1
ITGA2,MRGPRX3,LIMCH1,TINAGL1
CDH23,ADGRG2,NAPG,BDKRB2
ARL5B,ALOX5,TNFSF4,CYP4F22
SPRY2,RPL12,CPEB4,EPAS1
PRR5L,ANP32E,FAM208A,ITGA6
HIVEP1,GPD1L,SP6,TIGD6
ALDH3B1,C17orf49,WEE1,TRPS1
SPOCD1,DDO,TSHZ1,SLC25A29
CHAC1,NOS2,PHC2,ALOX5
TCHH,ACTBL2,DUSP10,ARHGAP30
PANK3,SVIP,PCOLCE,HAPLN1
TMEM184A,PLCB1,SOX5,CCND2
ITGA6,CIT,KCTD9,OXTR
MOB3B,CHIT1,RIN3,IFIH1
Blank-2240,USP9Y,MCM6,PROS1
WDR17,ALPK1,TMOD1,SLC23A2
KLHL24,RWDD1,TARBP1,TNFAIP3
RPS3,KIAA1549L,Blank-0110,Blank-2044
PSAT1P1,EFNA5,TLR7,ANXA3
ZNF608,PCYOX1L,SLCO1B7,GNAZ
OSMR,RNF26,Blank-0158,PITRM1
ADM2,CDH11,TF,SYT7
TAP2,Blank-1228,HS6ST2,LRBA
ATP2A2,GXYLT1,FASN,SLC25A23
TMEM145,ZNF519,CD177,WNK2
SLC7A1,GHR,RAPGEF5,CARS2
DIDO1,PCLO,MED12L,H2AFY
BCL11B,PTPRN2,ONECUT2,NDUFC1
Blank-1259,PFKFB4,TUBE1,TMEM133
LRP11,CSRP2,PIK3CG,PTPRN2
ZNF83,PDGFD,MMP9,Blank-0259
FOXD4L5,ZNF121,ENG,C3orf70
ALS2CL,LRRC8C,FAM81A,MPP5
Blank-0949,PEG3,NEK10,ZNF141
RAPGEFL1,FAM78B,FSTL1,ADGRG6
TINAGL1,MCM10,ADAMTS16,CLGN
FUT8,TSPYL4,DIAPH2,SNX8
FAH,RAB27A,CRMP1,SLC36A4
PROCR,ANKRD20A19P,C8orf48,GXYLT1
TMEM144,H2AFJ,PWAR5,WTAPP1
CDH11,TMEM92,SSR4P1,PIK3R1
FAM151B,MYH3,LOX,PTPRB
CCDC121,SGTB,IGSF8,ZHX2
DUSP7,CDH2,FKBP5,GPC1
IDH3A,ZFHX4,DST,NAMPT
KIRREL3,GAREML,RBM25,TNFAIP1
TRAF5,KCNK13,MAGEL2,DNAJA4
CARS2,ZNF827,QSOX1,SP100
FRK,FOXA3,NEFL,PDCD5
PPM1F,C1orf116,PLEKHO1,ITGBL1
C16orf96,BOC,GPC3,DNM1
RPLP1,XPOTP1,NDRG1,HSP90AB6P
PKD1L1,TMEM87B,Blank-0165,PHC2
NUAK2,ZNF480,ZSCAN12P1,ENOSF1
WDR3,MARCH9,PTGFRN,PLEKHA4
KCNIP1,Blank-2238,TMEM236,CD3EAP
BRI3,S1PR1,SLC40A1,CASP8AP2
BLACAT1,PDP1,ARSI,FAM110B
PHF10,MITF,PHTF1,HTRA1
PPM1E,IGFBP5,ARHGAP31,PAX7
MYRIP,Blank-0832,SEPT14,POM121
PDE7A,FAM110B,PALM2,CYLD
NFATC2,DIAPH2,FAM111B,RPS27L
RAB42,RBBP4,CCDC66,C3orf67
ZNF607,ABAT,C18orf32,BTG2
PLEK,IDS,PPP1R14C,ASS1P9
MOK,EXPH5,WDR55,TJP3
Blank-2230,GOPC,DNAH1,GLG1
ANKRD36BP2,GPC6,SCD5,SEPT3
ZNF225,CEP295NL,MAML3,EIF4EBP2
ISPD,Blank-2443,FAM174B,NID1
ZNF844,STARD8,SCEL,PDK1
AFF2,NOMO3,GABPB2,Blank-1909
CYP2S1,ARSI,HERC2P3,SLIT2
DESI1,SEPT3,RNF165,IL27RA
HIF3A,MIB1,PTPRB,Blank-0694
IDH1,ANXA8L1,SYT2,SLC7A7
IFI16,ST3GAL1,FAM221A,PEG3
Blank-1284,TRAM1,ANK1,PLXNA2
NRIP1,POPDC2,TRIM2,OTUD3
OSBPL6,FAM222A,SIRPA,MARS2
HOXA3,STARD13,RPA4,PLAT
TPP1,TSEN2,ISL2,MCAM
HOXA11,CYP4V2,NUDT4,CCDC85A
ADARB1,TAS2R4,NCAPG,GFRA1
CYP2W1,LRRN1,ZNF280A,CCND1
PRMT7,MARC1,DPYSL4,TMEM47
Blank-2248,AGO1,SGMS2,GUCY1A2
WDR73,CEBPG,OXGR1,NHS
PP2D1,FAM196B,RASL11B,ABCG1
LMCD1,CAPS2,OAS3,RIPK2
DVL1,MAPRE2,FAM60A,EFNB3
VAMP4,ST6GAL1,MSNP1,ZXDB
F2RL1,Blank-0423,DOCK9,SH2D5
DLGAP1,GNAZ,LRBA,IRF1
APOBEC3C,Blank-1651,MMP2,PAICS
LHFPL2,DPYSL2,MMP19,PLOD2
NUDT4,AP5Z1,PDGFRB,FBXO22
SGK494,FBN2,ITPKB,PSMA2P2
FLG2,FGFR1,Blank-2238,DBNL
CCBE1,DENND2A,Blank-1384,GNAQ
TNNI1,UGT1A7,HELLS,BRD9
ZNF383,GFPT2,FGD4,LAMA1
YBX3,SPA17,FAM46A,FOXC1
IL6R,COLCA1,NPAS2,CHRNA9
CA7,SAMD15,C3orf52,PPME1
FAM210A,MMS22L,BTN3A1,Blank-2042
SLC7A5,C1orf233,MEX3B,CCDC69
NBPF9,Blank-1571,FBRS,UBE2G2
KCNMA1,DBP,Blank-1210,TIGAR
DLEU2L,SDC1,AHNAK2,ERAP1
RSF1,STRA6,SESN2,FZD8
COL17A1,CLDN15,SYT12,TMEM92
PSMG4,ULBP1,MTSS1,CHCHD7
ENOSF1,MAN2A1,Blank-0698,RRP9
NAPG,SGK494,TRPS1,SLC7A2
TSPYL2,BRINP1,HSD17B12,NR4A3
GPR155,MGAT2,ZHX2,SLC16A12
OSR1,SRPX2,TMCC1,SEMA6C
OSBPL3,DISP2,METTL8,CEACAM5
TWISTNB,CGN,MEGF11,ADGRV1
SMAD3,OTUD7A,MGAT3,PLK2
SOX7,RGMB,DHFR,RASSF5
MAT2A,LHFPL2,Blank-1922,MIR17HG
SCAF4,QSOX1,MDGA1,ALDH1B1
ITPRIPL2,RNMT,PTPRG,DOLK
RIT1,CHST14,INADL,DYNC2H1
NFKB2,PGBD4,IFI16,XIRP1
CCNJP1,IDH3A,INSIG2,UFD1L
MSH5,CDC42EP3,SAMD4A,SLC43A3
FBXW2,STC1,Blank-2598,PABPC1L
ZNF670,C11orf24,TICRR,CASP4
FLRT3,RHOJ,RNASEL,SKI
LIF,GABBR2,DNAJC6,COX20
SORBS2,CAMK2D,TGFB2,C1orf233
SESN2,TSPAN17,RBPMS2,BTN3A1
ZNRF3,Blank-0657,MTHFD2P1,UFSP1
KLHL15,RPL37,MAF,Blank-0557
Blank-9069,Blank-2314,TSPAN5,DNAJB2
PGF,SEMA3F,PAG1,TMEM179
FAM60A,IFFO2,Blank-1444,FGF2
KDM4D,MEDAG,ATP6V1E2,EEF1B2P8
SOX9,Blank-0464,FLNB,CSPG4P12
IL7R,RPS29,CTIF,IKBKE
RAB31,NFASC,FLVCR1,MTURN
SERBP1,IQSEC2,A2M,DENND3
KDSR,IL22RA1,PANX2,ZSWIM6
MGLL,ADAT2,SLC22A15,CORIN
Blank-0239,Blank-0952,RSPO3,DNM3OS
B3GNTL1,SIX4,SCARA3,TTYH2
CAV1,SNTB1,CTGF,FAM81A
CCDC88A,HNRNPDL,YJEFN3,KIAA0226L
LRRK1,LPP,TMTC2,ARID5A
ANKRD31,Blank-9275,RUNX2,HAS3
CPEB2,LRRC8D,ANO4,ELF1
VSIG1,DYNC1H1,WRN,MIR22HG
KRT75,RGS3,ASAP2,ANKRD20A19P
FLRT1,NARF,PRLHR,ITGAV
ADAMTS9,ACSL3,JAM3,ANKRD33B
GAS1,ZNF204P,EPHA5,FAM214A
N4BP3,HMGB1,TLR6,ASTN2
RPL12,Blank-1470,PAXIP1,PDIA3
PFKP,SLA,TRIM54,COL16A1
ZFP36L2,ADGRL2,USP37,KCNG3
PNLDC1,Blank-0651,HPSE,XK
Blank-1460,NR1D2,CHRNA9,THNSL2
SMIM8,C12orf49,CTBP1,XDH
AFG3L2,OPHN1,RHBDL3,C10orf2
CROCC,ME3,HDAC2,FRMD6
ZBTB10,MTHFD1L,MYHAS,PCDHGB2
SLC12A7,Blank-2291,GULP1,NSUN6
TGIF2,BMP6,HIST2H2BE,Blank-9228
PTER,ZNRF3,DDO,MCM8
ABCC2,MPP5,H2AFY,HYPK
ENC1,RPL13,OLFML2A,SCARA3
EPB41L2,ZNF10,C14orf132,NOTUM
PPME1,PRUNE2,Blank-0595,B3GALT5
SNHG15,MYO5B,ATAD5,PTGS2
Blank-0749,HK2P1,HRK,STARD5
ARID3B,PRICKLE2,SVIP,GBP1
A4GALT,KLHL23,C3orf67,PXDN
FAM83E,RHBDF2,ENDOV,RPL10
RASSF3,Blank-1124,KDSR,ATP2B1
H2AFV,AR,LDLR,PPRC1
SLC16A2,Blank-1309,MPP7,YWHAEP7
CD59,ATP2A2,ZNF717,IGSF10
ZNF354A,CPNE4,RAB31,ABCE1
HNMT,TRIB3,ANO5,MNS1
MAP4,FAM117B,ZFPM2,ST6GALNAC2
PLEKHO1,NTNG1,HHAT,RBM14
NOMO3,AIM1,HIF3A,PODXL2
NDRG1,SAMD5,LRP5,CDS1
Blank-2324,FAM131A,CCDC88A,KITLG
ESYT2,C6orf132,Blank-2568,KBTBD8
CFAP58,NRIP1,ARMCX1,ACTR1B
Blank-0182,TGIF2,GAB2,GPR27
RELB,KLC3,ATP10D,HM13
CHORDC1,HAS2,MC1R,EHD2
ZNF763,WWTR1,TTC6,PNPLA8
KBTBD8,ACSL4,KCTD11,RNF24
Blank-1270,TMEM185B,GSG1,KLC3
CYYR1,MPZL1,KDM4A,GREM2
PRR5,VLDLR,KLF17,CXADR
UBXN6,MAB21L3,CFAP58,EPB41L3
HAS2,METTL21B,TRIM29,EPB41L4B
PEPD,CDH8,RIMKLBP1,SAP18
SLC16A1,ETV5,DGKK,ETV1
DCUN1D4,FAM83E,ST6GALNAC3,GDF11
NFYA,PEPD,SRD5A3,DSG2
FUCA1,SOWAHC,ZNF623,CHST14
Blank-1926,Blank-1558,SERTAD4,PAPPA
FMN1,PLXNA3,SLC46A3,ZNF454
Blank-2373,NSDHL,ABCC2,EMP1
CBX8,PFKFB3,MARCO,PROCR
HNRNPDL,MCOLN2,FAM214A,C11orf71
WNT5B,WDR83OS,Blank-2326,OTUD7A
BCRP2,FZR1,TPP1,C3orf52
ZNF680,ZNF566,Blank-1483,C1orf220
MZF1,ZCCHC24,SH3PXD2B,CTSC
TRAK2,TFEB,GJC2,ATP6V1C2
KLHL4,TMEM43,DSCC1,STXBP6
RASSF5,SLC38A6,C1orf233,CRY1
ANTXR1,Blank-2096,DMRTA1,ANO2
TMEM154,TMEM74,GPCPD1,DCHS2
NFATC1,Blank-0007,RNF219,HS6ST2
SEPT14,KCTD14,NAP1L5,AKAP9
UBE2D4,TGFB2,GAP43,SALL1P1
MYHAS,STK31,MMP15,SLC38A4
CDH4,CARS,HSPA12A,CA13
HOXA2,SKI,FAM151B,CD1D
SERPINE2,Blank-1526,CSMD1,MAPRE2
TAS2R4,EFNA3,FZD2,GLI2
OTUB2,IGSF8,NEMP2,GSG1
SPTLC3,OLIG2,TLDC1,Blank-0554
DMKN,DCAF7,FAR2P2,GUSBP5
ZNF99,GREB1L,MARCH9,MYO3A
NPHP1,ANKRD30A,CASD1,SSH1
KLHDC4,Blank-1737,CLDN15,KRCC1
NT5C1A,SSU72,VASN,SOX8
TMCC2,TYW3,ALDH3B1,KIAA1324
MALAT1,MPZL3,USP53,TPBG
SFXN3,UCK2,ARID5B,PHTF1
DOCK4,B4GALNT4,TANC2,SYTL5
AKAP2,UBASH3B,TM4SF1,CDC14A
PAFAH1B1,Blank-0801,GP6,PODXL
VAT1L,WSCD2,MYLIP,SHISA9
GYPE,MEGF10,CREB5,ROR1
FAM169A,C10orf2,ZFP82,ZNRF2
PAPL,HMSD,KCNIP1,CFAP97
CTHRC1,GPR27,NEURL1B,ZNF718
SPOCK1,ZMPSTE24,OTUD3,IPO5
ZNF341,ZFP92,PPP1R1C,NOL6
CENPB,TMEM120B,COX18,ANXA8L1
MUC12,TPX2,NCAM2,ZNF121
RPL13,PKI55,SLC2A11,HSPA5
MAN2B2,MN1,TRAF3IP2,JAK3
LAMTOR3,DAP,ZNF682,ILDR2
H2AFJ,C1orf226,DCP2,CRTAP
HOMER1,SEC24D,TGFBR3,DDX20
CBX7,CA12,COL13A1,EHD1
NAV2,C4orf19,PTPRM,TAP2
Blank-1961,SLCO1B1,SMIM8,Blank-1737
TBC1D4,Blank-0259,GSTM4,ALPK2
TRIM3,GUSBP5,HSPA1L,DHRS2
F13A1,Blank-2614,SLIT2,OSMR
CACNB3,AFG3L2,GLI2,C3
RPSA,KIAA0226L,A4GALT,NUDCD3
ARHGAP11B,DDIT4,APOLD1,WDR5
STEAP3,OSBPL6,NFIB,TSPAN5
MYLK2,ESYT2,CUEDC1,BICC1
UCN2,RASSF9,RBM5,MARCO
TLDC1,NLK,SLC16A12,GABRA2
SESN3,ANO4,FARP1,KIAA0895
BTG1,UNG,LRP11,KLHL3
CCDC7,SPSB1,MESDC1,TP53INP2
TLE1,TIFA,ASS1P12,SLA
PIP4K2A,SGOL2,RAP2B,BMPR1B
Blank-1855,YWHAEP7,MYEF2,COL4A1
SYNE1,ORC1,TGIF1,TRIM26
ZBTB2,Blank-1909,TOX3,RASSF2
Blank-0509,RAB3B,STK17B,TRPC3
COX4I1,UBE2K,SLC4A4,ZNF283
KLF10,PPM1F,MCC,REL
TTC14,HOXA13,HNRNPKP3,HCN2
RIOK2,PLA2G4A,TEX19,MRPS25
FLYWCH1,PCDH18,REEP1,PCYOX1
FAM49A,SMOC1,MICALCL,HOXA13
Blank-2256,CABP7,MPEG1,KLHL5
ITGB2,CYB5D1,HMGA2,GALNT18
JMY,SPCS3,SDF4,STK32A
RHOV,MPP7,EEF1B2P8,SVIL
ABCE1,MTHFD2P1,Blank-0554,POLR2J3
NEGR1,GNB4,RBM48P1,PLA2G4E
RPL6,KIF2C,ERBB2IP,TMEM200B
NTRK1,PRR5,RBMS3,CADM4
ATP5G1,RIPK2,CPO,SPCS3
ANKRD30A,CX3CL1,GRTP1,E2F7
ZNF365,C1R,NR6A1,KIRREL2
ZNF717,SRSF6,SCN5A,ELFN1
PPHLN1,CCSAP,DPY19L2P2,BRI3BP
MTND4P14,WNT7A,KIFC3,CXCL14
UPP1,GINS2,IL2RB,PGF
LIN28B,MSI1,SLC27A1,GPRC5B
KRT18P59,CTSV,C14orf1,FAM171B
TMEM255B,PNMA2,MYL6,ZNF300
Blank-1922,PRPS1L1,RBM26,CACNA2D1
GYS2,GRM2,RASSF2,C3orf58
PTRH2,Blank-1006,POLD3,SERINC5
FAM167A,RBM14,PNRC2,WNT10A
UBP1,CHAF1A,ZNF718,TSKU
SALL4,ST6GALNAC5,SLC18A2,SOX13
HMGA2,TMEM37,DPYD,Blank-0464
SHFM1,LRRN4,ADCY10P1,CTNNAL1
Blank-9076,PDLIM2,CKAP2L,ADAMTS16
OSGIN1,TOR3A,SNX5,CHSY3
BDH1,PDLIM5,FAM198B,SNHG14
VEGFC,HMGB3,MEF2C,LUCAT1
BAZ1A,GDF11,MXD1,Blank-0655
NOTCH1,DOCK10,EPRS,PNKD
ZFP30,ST6GALNAC2,DUSP1,SLITRK4
UACA,ICK,ISPD,IDH3A
TBX18,DMKN,FAM212B,PHLDB2
CCNG2,KANK1,GNAZ,ZNF80
MKX,HPGDS,GSDMB,ATP1B2
NEIL3,PPP1R16B,SMAD6,MYCL
STARD5,C2CD2,CCDC71L,NEDD9
CSTF3,SFXN3,B4GALT6,TUBB4A
ESPL1,Blank-0365,WDR19,OGT
CTDP1,SLCO2A1,PSAT1P1,SLC25A37
FAR2P1,LPAR1,CHSY3,RBPMS2
LINS,CTSB,HS6ST1,EDN1
RPL39,WDR5,PHF21B,HNRNPKP3
CD96,RBP1,AKAP9,TAP1
RWDD1,PPP1R10,Blank-1951,PUS7
TRHDE,SEMA5A,Blank-0885,FIRRE
FAM84B,Blank-1276,EREG,CEACAM19
RNF19B,ABCB9,SYTL5,KNTC1
MCM5,NOVA2,ZNF662,RASSF9
VAMP1,PDGFRB,ESM1,DIRC2
DSEL,TM6SF1,LMCD1,SATB2
EIF4A2,Blank-1762,AKT1S1,DESI1
ANXA4,DGKK,SLC26A2,HS6ST1
RPL38,SLC16A10,ZKSCAN3,Blank-0469
BNIP2,LRRC75B,FAM114A1,GPR4
RHBDF2,FAM117A,FAM105A,PAPD5
SH3RF2,NET1,PCDH7,PAG1
TAF5,NUDT21,EPDR1,PALD1
PLK1,TMEM179,RNF125,C4orf32
ZNF121,OLIG1,JADE1,CHST6
SAMD5,STX1B,FAXC,PRKAR2B
IQSEC2,TJP3,CDKN3,GPR157
DCST2,RAI2,ANKRD36,ABHD15
ZNF792,CDYL2,SYNE1,FARP1
ERO1L,CDC42EP2,PDCD1LG2,P3H2
ZNF10,ZBTB2,SORBS1,TRIB1
FAM65C,DESI1,KRT34,SSR3
FBXW10,SIX2,MARK1,GNB1
COL25A1,SPIN2A,OLFML3,EFEMP1
CCR6,ENTPD4,TCAF2,TNS4
C10orf2,CXCL14,LAMP3,SESTD1
EHD1,PHGDH,Blank-1708,Blank-0832
MYH3,GPR63,CLGN,LMAN1
Blank-1571,TTLL12,FAM210B,PTGFRN
RBM45,Blank-9069,TOP2A,FLRT3
ALDH1B1,ERO1L,NOTUM,TJP2
QKI,RBM45,BCL2,JAM3
SERPINB7,HEATR1,ARL17A,PARD6G
SOX6,FRAS1,UFD1L,MMP17
CCND1,ROR1,MIB1,DDX26B
CASS4,ERCC1,TIGD6,SCN5A
SCG2,RHOV,EIF4EBP2,KDELC2
PIK3C2B,MYOM3,C6orf118,PDP1
NASP,CXADR,PHLDB2,SNTB1
FBXL3,RPL14,ZNF672,ALPP
CAMK1G,GCLM,GLIS2,GALNT16
SMTN,RAB11FIP1,FBXW7,SOAT1
CSGALNACT1,SNHG17,SLC25A3P2,DBP
ABCB9,PLXDC2,E2F1,Blank-2525
LRRC8D,DDR2,HOXB2,NEK10
FNIP1,CNTNAP2,SH3PXD2A,RAB33B
ISG20,PIK3AP1,TMCC2,C2CD3
PLAC8,AIG1,ASTN2,C1orf106
DNAJA4,ARHGAP6,MMD,TACC1
Blank-0842,TUBB4A,TRDMT1,Blank-1214
NOL6,GFOD2,ACTG1P15,MNT
HOXB3,HAPLN1,SH2D2A,PPM1L
PAQR7,APBB2,ADGRV1,CRIM1
TAF1D,ANKRD11,DLGAP1,AKAP5
MUC15,KIF21B,KCTD8,SERPINH1
BHLHE40,PDIA3,FBN1,YJEFN3
SLC6A6,SSTR2,PDZRN3,WSCD1
POM121C,ZNF442,ADRA1B,EFNB1
ST6GALNAC5,LAMB1,MTURN,KIFC2
ADM5,GALC,GYPE,TSPYL4
TICRR,CBX4,SYCP2,RGS16
PRKCE,FSTL1,CASP10,FAM210B
ORC5,Blank-2044,MB21D2,CDK6
ZNF165,UFM1,HOXA3,LOXL1
ZNF583,TRMT6,ZNF283,CFAP54
MLLT10,PARK2,CORO2B,SCN4B
RNF122,C6orf120,CSPG5,OVGP1
DGKI,G3BP1,TNFRSF1B,SCD5
FNBP4,MBOAT1,LTB4R,NAALAD2
SRXN1,Blank-1487,NAALAD2,DPY19L2P1
LEPR,RGS7,SLC30A1,RUSC2
GCLM,SLC35E4,Blank-1805,CACHD1
Blank-2250,SLC16A9,SPPL2A,SFXN3
KLHL21,FGF2,LBH,NCAM1
MAGOHB,ATP6V1C2,STK32A,TIMP3
HSPA4,HOXB5,EPHA8,LRIG1
MESDC1,Blank-2026,NHSL2,DCUN1D4
ZNF736,HERPUD1,BCL2L1,ARID5B
DHRS11,FZD4,BEX4,CKAP4
DDX24,PCYOX1,STPG1,RNF144B
USP3,Blank-2037,BARD1,FGD4
RNMT,SERBP1,SPSB2,SMAD6
GDF9,HRH4,MOCOS,C17orf49
FHDC1,CKAP5,GNG11,DCAF12L1
SLC7A2,EHD3,RER1,EIF4BP4
MYH15,IGIP,COL5A1,GLI3
PURG,TTYH1,PTPN2,ATP6V0A4
Blank-0722,ROR2,ZNF608,MMP16
CCDC80,ZNF165,PAPPA,TTYH1
RUNX1,NPY1R,GLI3,PET100
NIPAL3,DLGAP5,ETV1,INHBA
FAM208A,FOXC1,PTBP3,MAMLD1
AHRR,CD160,APOBEC3C,CYP51A1P1
RPS24,RNF217,CASP8AP2,FAM129B
KDELR3,TXNRD3,NSUN6,SNX19
B3GNT3,ITGA5,AGRN,MYO18B
PITRM1,FUT8,TMEM47,ANKRD20A3
FKBP14,CLDN12,MFAP2,GALC
FER1L6,HSPA5,ZNF780B,TPM4
ZPR1,WNK4,FGF5,STYK1
PTPRJ,TIMP3,E2F7,KLHL29
SYNPO,PBX1,VPS8,TMTC2
GTF2A1,SCN1B,PLEKHH1,FAM20C
ZEB1,RPL10,SSH2,ZFP14
ALCAM,DNMBP,DRAM1,EMP2
XYLT1,FGD5,TNNT2,KRT18P41
ARRDC4,EDN1,BTG1,EFNA5
SRGAP2,CYP3A43,CENPI,ZNF780B
SNX19,GRB7,MGEA5,PAXIP1
SPSB2,Blank-1331,IP6K3,COL8A1
EGFR,TP53INP2,TMEM56,WHAMMP2
CALM2,PAICS,ZNF33B,SDK2
MGAM,VDR,RASEF,SDC3
ZNF280A,COL27A1,DLEU7,ZNF704
BDNF,PODXL,TEK,CHSY1
ANTXR2,GATA3,SRSF10,LINGO2
ADGRL3,PPP1R9A,CCDC15,ITGB8
ZNF251,DYSF,ARHGAP28,RAB27B
ZNF697,MAP7,NEBL,ARC
ZCCHC24,ANKEF1,PDGFB,MAN2A1
SLCO1B1,CXorf67,CA13,ZFP36L2
EFHD2,SCARA3,CMYA5,LOXL4
PDLIM2,ERICD,F2RL2,ORAI2
METTL6,NAV1,ILDR2,IPO5P1
MYCL,SLC9A7,PCDHA2,HRH4
BATF3,PTGER2,FAM20C,TBC1D9
PKI55,PHACTR2,APBB2,TMPRSS3
SSR3,FAM129B,C3orf70,NTNG1
MET,CCNJP1,TNS1,TOR2A
CCND2,NEU1,SERTAD1,RANBP6
AFAP1,Blank-2348,CYP4F35P,Blank-0758
HSPA8P9,SLC23A2,GOLGA2P5,CXorf67
AGO1,EXT1,BICD1,DNASE1L1
F2R,SEMA6A,PRKG1,FAM218A
PRLHR,STX11,PP2D1,SYPL1
PRICKLE2,RAB42,DAB2,ARHGAP6
EFR3B,PLEKHG3,LONRF1,STEAP2
LRRC75B,TNPO1,GREB1L,VGF
NOS1,SRPRB,FUT9,C6orf132
TBC1D30,GFOD1,MEGF9,NGFR
MPZL1,CD1D,CCDC144NL,ENG
C11orf24,FAM84B,MYBL1,COL13A1
HOXB9,SNAI2,LIMK2,HK2
PRCAT47,KIF4B,STAMBPL1,ANKRD36
KCNK5,GNAI1,OAF,CSF1
SLC2A12,WWC1,B3GNTL1,IGFBP5
RABGGTB,SOX17,ZNF404,EXT1
CLMP,LYPD1,EBF1,ZDHHC23
CNGB1,CRY1,DPYSL2,RAB15
ANKRD50,MEX3A,SFPQ,ENDOD1
ADGRG4,FAM210A,ALPK2,Blank-2566
GALNT18,Blank-1630,ADAM23,ACAP3
POLR3G,MMP24,TCF19,ABCB1
MEF2D,CCDC85A,TMEM30A,C1orf116
SLC35F2,CNTN3,FGFR1OP,RPL6P29
TSPAN14,ANOS1,COL9A2,RAB7B
HTR1D,CHRDL1,SH3GL2,RHBDL3
PLAU,MARS2,NEDD9,ZNF655
SYT16,CENPB,CYFIP2,SLC35F2
TMEM167A,ZNF703,NFKB2,AK4
UBE2K,CTSC,SLC27A2,CMSS1
ADAT2,SPIRE1,KIFC2,NR3C2
PAICS,FMNL2,RPL4P6,C4BPB
G3BP1,SH2D5,FAM214B,TRABD2B
FAM131A,MYLK2,ANKRD36B,SLCO4C1
MGEA5,QRFPR,NIPAL3,MLKL
RBM26,ZNF792,SLC35E2B,SCEL
NLK,USP14,DTX3L,GOLIM4
DDIT4,SEMA3E,NAGK,RAPGEF5
ETF1,NADK,LCA5,ACTG1P9
CPED1,SAP18,HADH,DUSP5
ISL2,SDPR,CAMTA1,Blank-1329
SNX30,CCDC80,PRKAB2,LAMB1
TRIB3,TBC1D30,NEK7,TRIM14
FAM43A,SCLT1,CEP128,ITGB5
MRPL32,CDC42EP1,MATR3,MOB3B
PITPNA,Blank-1961,DPY19L2P1,NR0B1
Blank-0240,RAB39B,TBC1D12,DNAJC3
CORO1C,NKILA,MSH5,GNG11
KNDC1,BUB1B,GPC1,TMEM74
TAX1BP1,TMOD3,C5AR1,MMS22L
KLF3,CD274,TBC1D31,REEP1
ARHGEF19,CRTAP,TRANK1,KCTD8
PPAP2C,PLCB4,DDX26B,PFKFB3
PKM,SLC39A14,ADAMTS17,PRTG
PILRB,USP3,ATXN7L1,DMRTA1
TNFRSF25,DZIP3,FIGN,SLC5A3
CX3CL1,COL12A1,MNS1,NADK
FARSB,VAPA,CCDC154,MAML2
ZNF503,SH3RF1,TRA2B,SDC4
FGF18,YES1,TPPP,FOXF2
PNLIPRP2,KRT18P28,KAT2B,MANBA
GATA3,C3,MOXD1,NOV
ANKRD6,GJC1,ME1,PKP3
FAM126A,TNFAIP8L1,HP1BP3,MARCH6
CDKN2C,ENTPD7,ARHGAP18,USP53
Blank-0596,KIAA1143,SPRY2,RFTN1
MRPS23,LIFR,SLC2A12,CNTN3
AFAP1L1,KIAA0040,DENND1B,MARK1
MACF1,Blank-1886,DGKI,MAP1A
COL18A1,SLC7A1,CITED2,SLC27A4
CENPI,MPP4,GMEB1,ANOS1
FMNL2,PRTG,POLR2J3,DUSP7
DDX58,TLE1,PSMA2P2,ARHGAP29
IKBIP,JPH1,ATP2B4,STMN3
AMD1,COL4A2,BCRP2,POLR2J4
LRRN1,HSD11B2,ZADH2,DIXDC1
TRIM29,GPRC5A,ZNF704,GHR
MSX1,TMEM189,PANK3,SH3RF1
MARS2,FAM102B,DPY19L1,PCDHB5
CD3EAP,NFIB,TAP1,AEN
APH1B,PIK3C2B,NEIL3,AEBP1
BMI1,MAPK6,TCF4,SURF4
GNB1L,LARP4,CYP26B1,MROH1
CDKN3,MPRIP,NANOS1,COL11A1
SLAMF9,Blank-2373,UHRF1BP1,AQP1
BIRC2,DCST2,CHST3,SVIP
PGM2L1,BNC2,ANKRD62,NR2F2
SLC6A9,GPRIN1,RUFY3,MEGF10
PTP4A1,NOS1,BMS1P1,C4orf19
ITPRIP,TRIM13,RNF103,ELOVL7
NUFIP2,SEMA3C,SDC3,PDGFRL
JAG1,PIEZO2,HNRNPC,ZNF773
TRIP12,ADGRE4P,F2RL1,TUB
NBPF1,Blank-1926,KIAA1841,SAMD9
LAMP2,SH3RF2,LCP1,PLOD1
LEPROTL1,SALL1P1,LIPH,ZNF788
ARL4D,RUNX1,PRCAT47,GPC4
ST6GALNAC6,DCBLD1,BMPR1B,ZNF483
HES1,MSX1,LPP,STOX2
CHKA,SEMA7A,KIFC1,SEMA7A
SRPRB,KCTD5,RTKN2,HPGDS
ATP6V1C1,UBTF,ANKRD31,PCNXL2
CSMD1,PTPRJ,TMTC1,SEMA3F
ZNF91,TAL1,FBXL3,CD180
CNTN1,HDLBP,FNBP4,OLFML2A
ARHGAP21,MAOA,FBXO5,NPM1P13
SLC7A11,IRS1,UGP2,CCT6P2
USP14,EPT1,CCDC169,LRRC4B
KDM5B,EHD1,CBX5,KRT18P28
SLC38A1,DDX10P2,CADPS2,NFIX
RPS29,ADGRD1,ARL5B,ROR2
SLC35F3,DSG2,DAZAP1,E2F2
PLEKHG3,ZXDB,AMPH,RND3
FAM102B,NGFR,GRHL3,C7orf50
AKAP6,SLC16A1,NBPF9,MMP2
GULP1,BICC1,CCDC69,MYH16
AGPAT9,KLB,CEP152,DBNDD1
SCLY,SFRP1,PDK4,RIMKLBP1
ZADH2,PRICKLE1,EPHA2,DTNA
ARHGAP12,DPPA4,SULF2,TRIM2
SOX17,LYPD3,PHGDH,INSIG2
CALCOCO1,SNN,E2F8,ZXDA
SLC9A1,ZNF100,PHLDA3,SLC16A7
HIST1H2BN,CALM1,H2AFV,TLR4
KCNG1,ERCC2,MGLL,KAT2B
ETV5,WARS,MIAT,DNAJB9
SCARF1,UHRF1,PHF2P2,CREB5
ZNF778,CFAP97,CALM2,GPR37
SNAI2,TMEM184A,MVK,FAM196A
MN1,INHBA,GNAS,SRPRB
DNAJC25,FUT1,ARHGAP21,KCTD14
ITPR2,NCS1,TSC22D1,AK3
Blank-0623,FAM171A1,HPS4,SLC35E2B
SLC10A5,GAS2L1P2,BTG2,EFHD2
TXNIP,OASL,IER5,FAAH2
ZFAND5,ABHD2,GLRB,PKD1L2
EPHB3,LNP1,RGS7,ADRA2C
Blank-0685,MYCN,KCNB1,PARP14
IFFO2,PPME1,BLM,NUP210
ARHGAP30,S100A1,TBC1D9,ZC3H12C
LARP4,GALNT7,POLI,PDGFRA
SIX4,CSNK2A1,BMI1,IGSF8
EXTL3,SIPA1L1,ABLIM1,FOXO1
SETDB2,SH3RF3,ELF1,RORA
Blank-2382,COL4A1,APOL6,ANO5
Blank-1152,XRCC3,SQSTM1,SUCLG2P4
FOXA2,CREB3L1,YOD1,SGMS2
ALPK1,GPRC5B,SAMD9,RDH10
TCTE3,NRP1,MAP4,TFPI
SLC35E4,AFF3,MTBP,NANOS1
FAM117A,ARHGAP26,KLF13,B4GALNT1
RPL6P8,PPP2CB,PROS1,EXOSC9
GRM2,NPM1P13,C10orf10,TRANK1
SDC4,AATK,HNRNPR,SHANK2
PPARGC1B,Blank-0182,SRGAP2,KCNC1
S1PR1,PLEKHA6,ZMIZ1,HK2P1
TBX3,ADAP2,CSF1,PWAR5
NSDHL,OAS1,FOXN3,THRB
BICD2,SLC7A2,COL6A2,Blank-0643
ZNF480,DLC1,DOCK5,CCDC15
SLC7A6,ORAI2,EDA2R,DYSF
STXBP1,PRKCE,CD109,CDK14
RPL27A,PODXL2,PDE5A,EBF3
SEL1L,EHD2,ABCB4,GABRB2
LIFR,GPC4,EPG5,TFEB
ERCC2,DCAF12L1,TP73,PCDHB18P
HIC2,DIDO1,SDC2,OAF
C11orf95,ARPP19,GLCCI1,FRAS1
ALOXE3,COA7,FAM65B,ADAMTS15
PDP2,SYT7,ARHGAP42,SCAF4
NEU3,TNFRSF21,PPIP5K2,BHLHE41
ETNK1,WDFY1,MXD4,PANX1
ENTPD7,CHAC1,SORT1,SPAG1
SMOC1,SALL4,NCOA7,RAB27A
IRF2BPL,WDR3,CSGALNACT1,C1QTNF2
SFPQ,KCNIP3,SPRED3,LIMCH1
NCF2,LRRC15,RNF144A,PHF2P2
METTL21B,BCAT1,ESPL1,SLC16A1
CCT5,STEAP2,IDI1,TEAD1
HAUS6P2,SMURF2,ERRFI1,MEX3B
DAP,DBNDD1,INTS3,ARL6IP6
PSTPIP2,BMPER,THAP9,BEND3
PER1,CDC27,ZNF276,ATAD5
SEMA3C,DSE,MLLT11,GJC2
SIX1,HOXC8,INSIG1,Blank-2348
FAM195A,TMPRSS3,PLXNA2,MMP15
ACSL1,PITRM1,PABPN1,STRA6
GFOD2,RIMBP2,C1QTNF6,GABARAPL1
RPL14,RNF144B,NSUN5P1,HELLS
PPP1R3C,SYPL1,SHROOM3,CSPG5
HEATR1,LOXL2,ATXN1,THY1
NABP1,RIOK2,GREB1,BRIP1
ICK,BARX2,SLX4IP,HERC2P3
ACSL4,LTV1,LMBRD2,P2RY1
SAMD12,WBSCR17,SLC2A13,PCDHGB5
PRKG1,NAMPT,CBLB,TNIK
RRP9,Blank-0758,EIF4BP4,RIN2
DOLK,GNAL,NATD1,EPT1
KBTBD2,FAM196A,ZNF300,FAM101B
SNAI1,NOL6,DCP1B,ZNF367
C1orf204,HOXB13,YPEL1,ADGRB1
HP1BP3,TTYH2,SLC1A4,RIMBP2
CSNK2A1,TOMM20,ZSWIM4,NSUN5P1
PHLDA1,RSAD1,NDUFB5,ACTG1P15
THOC5,ELK3,BBX,EPHA2
FBLIM1,THBS4,INSL4,EPDR1
TNRC6B,ADM5,C5orf56,TNFRSF21
TM4SF1,CCND1,RMI2,TAGLN
TBKBP1,ADGRB1,ARID1B,MFGE8
CDR2,GPM6B,RNF213,PDCD6IP
CTNND2,ERG,NCAM1,CCRN4L
DDX31,SERPINE1,RPRD1A,FAM222A
NARF,PKP3,DDX17,SH2B2
DDX10P2,TNIK,NES,KLF5
CBX4,HK2,CREBRF,SLC2A1
UNKL,TBX3,XIRP1,CCDC144NL
PLIN2,Blank-2425,KITLG,CASP3
NIPAL1,MFAP5,SERPINB7,SSU72
TOR1B,DAW1,MAP2,GREB1L
NRP1,GPT2,OTUD1,PPA1
PIK3CG,TPM4,POTEI,TIGD5
SRSF6,DAAM2,MYOZ2,PDLIM3
TXNL1,VAV1,SLC44A5,C8orf48
SH2D5,DIXDC1,KLF5,CYP26B1
KDM7A,SOX9,ARL6IP6,ITGA3
CD44,FBLIM1,VMP1,MTND5P12
EHD3,DNM1P41,CEP85L,MCC
ZMPSTE24,FAM107B,ERAP1,CPLX1
CLDN12,CAMK1D,NUP210,DDX39B
PPP1R10,HOXD1,CDKN2C,TIFA
UBASH3B,PGRMC2,PTK2,SLC19A2
SLC39A10,SSR3,RPLP0P2,ZNF672
MYLIP,SLC12A2,RORA,LNPEP
UNC119,PALD1,FOXO1,OSBPL10
SGTB,RASSF3,COA1,RPL4P6
CYB5D1,TRIM25,BSDC1,PALM2
GRAMD1B,PTGIS,SESN3,DTX3L
KIAA1462,CD3EAP,RPS27L,CTSB
FRAT2,TBC1D4,DFNA5,CTIF
FDXACB1,CYP4F22,ACER2,ZNF789
GPR65,PAX9,PGPEP1,SLC1A3
ACSL3,COL11A1,P3H2,PABPC1P2
FBXO48,ADARB1,TNFRSF13C,TMEM38B
NEDD4L,DOCK2,FADS2,SERTAD4
FAM117B,PAFAH1B1,NID1,SPIN2A
RGMB,PPRC1,GAPDHP47,GFOD1
EIF4A3,HHIP,SLC17A5,C1RL
GARS,HSPA4,KLHL24,PAXBP1
SOCS4,SLC35F2,ERAP2,SDC1
ATL3,KLHL18,TCP11L1,TRAM2
RASSF1,OLR1,SMTN,BCL11A
PCF11,CORO2A,ADAM32,NUAK1
SLC5A6,CDS1,ZNF763,PCOLCE
WDFY1,SEMA3A,GRAMD1C,ADGRG2
OR4F13P,SH2D3A,NPC1,INSR
HOXC8,OTUB2,DYNC1LI2,ARHGAP42
TTLL12,RFTN1,PTPRH,CDT1
KLHL18,FRMD4A,CEP295,SERPINE1
TYW3,FAM46B,CCDC14,SLC22A15
RPF2,CDK14,DCK,CMTM6
TSPAN17,IVD,AMOTL1,SKP2
RPL37,HTR7P1,SUCLG2P4,WWTR1
CCDC18,PRKCA,TMEM40,PROCA1
ZFRP1,NCF2,PPP1R15A,H1F0
HOXB5,EFNB3,ARHGAP11B,HEG1
ZNF703,DCLK1,CD47,GPD2
DZIP3,MLEC,MLLT10,C11orf24
SLC27A4,TMEM248,EEA1,HSD11B2
DCAF4L1,RHOBTB3,PRR36,IGIP
KIF21B,TRAM2,EPB41L4A,BCL2L1
NSUN7,STEAP3,DGKH,MBLAC2
TOB2,Blank-1878,PHACTR4,MAP3K5
PER2,LEPROTL1,ZNF114,THEM6
NAV1,ARHGAP29,FNIP1,GLRB
THBS1,Blank-9253,DTNA,XRCC3
ATMIN,TMED10,KLHL5,LOXL2
SNN,TLR4,GABARAPL1,KIAA1161
ZNF850,SLC45A3,BAZ2B,TBC1D8
C12orf49,WNT5A,SP110,FZD1
KDM4A,PRKAR2B,ZNF217,TUFMP1
SH3RF3,ZNF385B,MROH1,PSD4
C6orf120,MTHFD2,NDFIP2,HAPLN3
PIM1,AFAP1,KATNAL1,KLF13
FZR1,EPAS1,GXYLT2,HBEGF
DCP2,KIAA1462,ESCO2,SUSD6
WEE1,TRIP12,LUCAT1,TM6SF1
GLS,PPAP2B,BNIP3L,DHFR
MEX3A,FZD3,HMBOX1,LZTS1
CAMK2N1,PLIN2,FILIP1L,C14orf132
STARD8,IPO5,ITGB5,PASK
EFNA3,SLC7A5,TMEM42,VGLL4
GTF2F2,ENDOD1,MYO3A,BLM
FZD7,EXTL3,CCNG2,UHRF1
ITGA5,DUSP7,STMN1,USP37
NCAPG,ADRA2C,SYTL2,GAB2
ZBTB38,SPARC,SETBP1,DPYSL4
TOMM20,GTF2F2,H1F0,DUSP1
FZD2,CDH4,PCNAP3,MSI1
KCTD9,ADAM19,POTEC,KCTD12
GEM,ZNF853,SMAD9,SRSF10
HOXC13,KRT75,PARP14,CGN
KIFC1,PDE1C,ITGAV,TIPARP
TEF,GNB1,KLF9,SIX2
DCAF7,REEP5,RASAL2,IL2RB
GPR3,CTNNAL1,CENPCP1,COLGALT1
ABHD2,Blank-1140,DHRS3,TGFA
LBR,SNRPD1,SAV1,POLD3
TMEM248,ATMIN,PCDH17,TCF19
DYRK3,MAP1B,MMP14,VGLL3
SLC39A14,NBPF1,C1QTNF2,OAS3
NRIP3,AMD1,LOXL4,PLA2G7
UFM1,ZNF365,TRIM58,PELI2
EIF2AK4,EFR3B,SLFN5,BEX4
HOXB13,TRIM14,N4BP2,SNX19P2
JADE2,PIF1,ANKRD1,CRMP1
TMEM19,ACSL1,TBC1D8,TUFT1
ANKRD28,GALNT6,HEG1,COL6A3
PAK1IP1,DVL1,NR2C2,SIRPA
ARL4A,DPYSL3,CSMD3,CTGF
UBE2G1,ACTR1B,ZMAT3,CCT7P1
QRICH2,CAV1,ZBTB10,PPP1R16B
FAM46B,TRIM65,PPP1R13L,AMOTL1
NEURL1B,TACC1,UBE2QL1,BRINP1
LNP1,MARCH4,STON1,DCLK3
PNRC2,KRT18P41,MAN1A1,FSCN1
RSBN1,NR2F2,BRIP1,MAFK
NCAPD2P1,CBX2,MFGE8,DTX4
EIF5A2,CDC20,C8orf4,LIMK2
TMEM43,PDE10A,NOTCH3,MAP6D1
MTHFD1L,PIK3R1,RANBP17,VDR
VANGL1,PLEKHA2,AQP1,PHACTR3
COA7,SH2B2,C1orf198,PPP1R14C
SPSB1,EFEMP1,FXYD6,RNF144A
ANP32E,DDX21,ZNF281,CSRNP1
EXPH5,PUS7,HIST1H2AG,KIAA0040
PNPT1,TWISTNB,ZNF333,SLCO2A1
NR1D1,THBS1,OGT,KLHL23
NR1D2,SAPCD2,ABCC3,JPH1
LTV1,CADM4,ITGB1,ORC1
SLC45A3,PAK1IP1,TUFMP1,KCND3
TNPO1,FARSB,HERC3,PHLPP1
CCDC86,ORC5,TM7SF3,SFRP1
CDC27,FKBP4,KLF7,FGFRL1
SOGA1,PGM5,CA11,TIAM1
BEND7,CTNND2,DUSP16,ARAP2
KIF4B,IL7R,PARD6G,PVRL1
DDX21,MET,POLQ,HUNK
STK17B,TOMM34,PVRL4,SGK223
TOP2A,FLRT3,NBEAP1,LBH
CKAP2L,EFHD2,MAP1A,MBOAT1
CCNF,GTPBP10,SPC25,C1orf226
MKI67P1,SLC5A6,EPHX1,RASEF
HMGB3,FRMD5,CFAP54,TOR3A
CIT,SPTLC2,KNTC1,ST3GAL1
CCSAP,ETF1,ANKRD20A3,HIST1H2AG
SHCBP1,UBA52,ZNRF2,FAM212B
KIF5B,POLR3G,NAIP,AIF1L
NDE1,FOXF2,KLHL29,GINS2
TOP1,PMEPA1,TNS3,CARD11
ZNFX1,SDK1,POLH,LPL
SCLT1,AFAP1L1,IKZF2,PCNAP3
IVD,PITPNA,Blank-0240,GAREML
MGAT2,CORO1C,CLIP3,EGR1
BORA,AK4,PABPC1L,FAM105A
KIF11,TOP1,HNRNPL,RTN4R
NRAV,KCTD15,EMP2,DTL
PIF1,EIF2AK4,PNPLA8,TP73
RANGAP1,PNPT1,DDX39B,ZC3HAV1
C2orf69,CCND2,KBTBD2,JUN
CKAP2,HOMER1,UNK,TGM2
TOMM34,HOXB9,HECA,DSCC1
TTK,CD44,YPEL2,SLC20A1
GAS2L3,OGFRL1,NXN,MCM3
SAPCD2,RRP9,SSH1,PAQR4
KIF20B,EPB41L4B,CHMP1B,MCM10
BUB1B,EIF4A3,CBX7,RMI2
GPSM2,RPF2,ANKRD20A9P,QRFPR
KIF18A,CAMK2N1,GPD2,TONSL
RNF26,AKAP2,Blank-2230,WDR76
SGOL2,DCHS2,AFF1,UNG
CKAP5,CCDC86,MDM2,CHAF1A
TNFAIP8L1,ALDH1B1,SYNE2,CCNE2
ASPM,ERI1,CSDC2,FAM111B
KIF14,UBE2G1,GRID2,E2F1
GTSE1,TGM2,LENG8,ANKRD1
KIF2C,CDK6,RUSC2,CDC25A
TPX2,ABCE1,MYO18B,MCM6
CENPF,LTBP2,HDAC5,CCND3
CDC20,SNX30,ABI2,MCM4
DLGAP5,ZNF395,MALAT1,CDC6
